,Movie Name,Year of Release,Rating,Genre,Runtime,No. of Voters,Director and Cast
0,The Kashmir Files,-2022,8.7,Drama,170 min,"5,66,396","    Director:Vivek Agnihotri|     Stars:Mithun Chakraborty, Anupam Kher, Darshan Kumaar, Pallavi Joshi"
1,3 Idiots,-2009,8.4,"Comedy, Drama",170 min,"4,10,106","    Director:Rajkumar Hirani|     Stars:Aamir Khan, Madhavan, Mona Singh, Sharman Joshi"
2,Taare Zameen Par,-2007,8.3,"Drama, Family",165 min,"1,97,665","    Directors:Aamir Khan, Amole Gupte|     Stars:Darsheel Safary, Aamir Khan, Tanay Chheda, Sachet Engineer"
3,Dangal,-2016,8.3,"Action, Biography, Drama",161 min,"1,96,895","    Director:Nitesh Tiwari|     Stars:Aamir Khan, Sakshi Tanwar, Fatima Sana Shaikh, Sanya Malhotra"
4,PK,-2014,8.1,"Comedy, Drama, Sci-Fi",153 min,"1,92,821","    Director:Rajkumar Hirani|     Stars:Aamir Khan, Anushka Sharma, Sanjay Dutt, Boman Irani"
5,Radhe,-2021,1.9,"Action, Crime, Thriller",109 min,"1,78,664","    Director:Prabhu Deva|     Stars:Salman Khan, Disha Patani, Randeep Hooda, Jackie Shroff"
6,Laal Singh Chaddha,-2022,5.5,"Comedy, Drama, Romance",159 min,"1,75,514","    Director:Advait Chandan|     Stars:Aamir Khan, Ahmad Ibn Umar, Kareena Kapoor, Hafsa Ashraf"
7,Pathaan,-2023,6,"Action, Adventure, Thriller",146 min,"1,38,884","    Director:Siddharth Anand|     Stars:Shah Rukh Khan, Deepika Padukone, John Abraham, Dimple Kapadia"
8,Dil Bechara,-2020,8.4,"Comedy, Drama, Romance",101 min,"1,32,492","    Director:Mukesh Chhabra|     Stars:Sushant Singh Rajput, Sanjana Sanghi, Sahil Vaid, Saswata Chatterjee"
9,Shershaah,-2021,8.3,"Action, Biography, Drama",135 min,"1,24,539","    Director:Vishnuvardhan|     Stars:Sidharth Malhotra, Kiara Advani, Shiv Panditt, Pranay Pachauri"
10,Rang De Basanti,-2006,8.1,"Comedy, Crime, Drama",167 min,"1,20,389","    Director:Rakeysh Omprakash Mehra|     Stars:Aamir Khan, Soha Ali Khan, Siddharth, Sharman Joshi"
11,Lagaan: Once Upon a Time in India,-2001,8.1,"Drama, Musical, Sport",224 min,"1,16,811","    Director:Ashutosh Gowariker|     Stars:Aamir Khan, Raghuvir Yadav, Gracy Singh, Rachel Shelley"
12,My Name Is Khan,-2010,7.9,"Adventure, Drama, Romance",165 min,"1,10,705","    Director:Karan Johar|     Stars:Shah Rukh Khan, Kajol, Sheetal Menon, Katie Amanda Keane"
13,Brahmastra Part One: Shiva,-2022,5.5,"Action, Adventure, Fantasy",167 min,"1,08,410","    Director:Ayan Mukerji|     Stars:Amitabh Bachchan, Ranbir Kapoor, Alia Bhatt, Nagarjuna Akkineni"
14,Gangs of Wasseypur,-2012,8.2,"Action, Comedy, Crime",321 min,"99,180","    Director:Anurag Kashyap|     Stars:Manoj Bajpayee, Nawazuddin Siddiqui, Tigmanshu Dhulia, Richa Chadha"
15,Andhadhun,-2018,8.2,"Crime, Mystery, Thriller",139 min,"96,915","    Director:Sriram Raghavan|     Stars:Tabu, Ayushmann Khurrana, Radhika Apte, Anil Dhawan"
16,Sadak 2,-2020,1.2,"Action, Drama",133 min,"96,240","    Director:Mahesh Bhatt|     Stars:Alia Bhatt, Sanjay Dutt, Aditya Roy Kapoor, Priyanka Bose"
17,"Swades: We, the People",-2004,8.2,"Drama, Musical",210 min,"93,511","    Director:Ashutosh Gowariker|     Stars:Shah Rukh Khan, Gayatri Joshi, Kishori Ballal, Smith Seth"
18,Bajrangi Bhaijaan,-2015,8.1,"Action, Adventure, Comedy",163 min,"91,731","    Directors:Kabir Khan, Mehmet Tutkun|     Stars:Salman Khan, Harshaali Malhotra, Nawazuddin Siddiqui, Kareena Kapoor"
19,Drishyam,-2015,8.2,"Crime, Drama, Mystery",163 min,"88,301","    Director:Nishikant Kamat|     Stars:Ajay Devgn, Shriya Saran, Tabu, Rajat Kapoor"
20,Munna Bhai M.B.B.S.,-2003,8.1,"Comedy, Drama",156 min,"84,413","    Director:Rajkumar Hirani|     Stars:Sanjay Dutt, Arshad Warsi, Gracy Singh, Boman Irani"
21,Barfi!,-2012,8.1,"Comedy, Drama, Romance",151 min,"83,914","    Director:Anurag Basu|     Stars:Ranbir Kapoor, Priyanka Chopra Jonas, Ileana D'Cruz, Saurabh Shukla"
22,Zindagi Na Milegi Dobara,-2011,8.2,"Comedy, Drama, Musical",155 min,"81,207","    Director:Zoya Akhtar|     Stars:Hrithik Roshan, Farhan Akhtar, Abhay Deol, Katrina Kaif"
23,A Wednesday,-2008,8.1,"Action, Crime, Drama",104 min,"80,136","    Director:Neeraj Pandey|     Stars:Anupam Kher, Naseeruddin Shah, Veerendra Saxena, Mahesh Kanual"
24,Sooryavanshi,-2021,6.1,"Action, Crime, Thriller",145 min,"77,870","    Director:Rohit Shetty|     Stars:Akshay Kumar, Katrina Kaif, Ajay Devgn, Ranveer Singh"
25,Coolie No. 1,-2020,4.2,"Action, Comedy, Romance",134 min,"73,838","    Director:David Dhawan|     Stars:Varun Dhawan, Sara Ali Khan, Paresh Rawal, Jaaved Jaaferi"
26,Dil Chahta Hai,-2001,8.1,"Comedy, Drama, Romance",183 min,"73,727","    Director:Farhan Akhtar|     Stars:Aamir Khan, Saif Ali Khan, Akshaye Khanna, Preity G Zinta"
27,Dilwale Dulhania Le Jayenge,-1995,8,"Drama, Romance",189 min,"72,869","    Director:Aditya Chopra|     Stars:Shah Rukh Khan, Kajol, Amrish Puri, Farida Jalal"
28,Kal Ho Naa Ho,-2003,7.9,"Comedy, Drama, Musical",186 min,"71,801","    Director:Nikkhil Advani|     Stars:Preity G Zinta, Shah Rukh Khan, Saif Ali Khan, Jaya Bachchan"
29,Kick,-2014,6,"Action, Comedy, Crime",146 min,"71,216","    Director:Sajid Nadiadwala|     Stars:Salman Khan, Jacqueline Fernandez, Nawazuddin Siddiqui, Randeep Hooda"
30,Bhaag Milkha Bhaag,-2013,8.2,"Biography, Drama, Sport",186 min,"69,705","    Director:Rakeysh Omprakash Mehra|     Stars:Farhan Akhtar, Japtej Singh, Divya Dutta, Pawan Malhotra"
31,Hera Pheri,-2000,8.1,"Action, Comedy, Crime",156 min,"69,309","    Director:Priyadarshan|     Stars:Akshay Kumar, Suniel Shetty, Paresh Rawal, Tabu"
32,Queen,-2013,8.1,"Adventure, Comedy, Drama",146 min,"66,977","    Director:Vikas Bahl|     Stars:Kangana Ranaut, Rajkummar Rao, Lisa Haydon, Jeffrey Ho"
33,Uri: The Surgical Strike,-2019,8.2,"Action, Drama, History",138 min,"66,913","    Director:Aditya Dhar|     Stars:Vicky Kaushal, Paresh Rawal, Mohit Raina, Yami Gautam"
34,Hotel Mumbai,-2018,7.6,"Action, Drama, History",123 min,"66,852","    Director:Anthony Maras|     Stars:Dev Patel, Armie Hammer, Nazanin Boniadi, Anupam Kher"
35,Ghajini,-2008,7.3,"Action, Drama, Mystery",186 min,"64,110","    Director:A.R. Murugadoss|     Stars:Aamir Khan, Asin Thottumkal, Jiah Khan, Aamir Naik"
36,Kahaani,-2012,8.1,"Mystery, Thriller",122 min,"63,967","    Director:Sujoy Ghosh|     Stars:Vidya Balan, Parambrata Chattopadhyay, Indraneil Sengupta, Nawazuddin Siddiqui"
37,M.S. Dhoni: The Untold Story,-2016,7.9,"Biography, Drama, Sport",184 min,"62,770","    Directors:Mathur Goswami, Neeraj Pandey|     Stars:Sushant Singh Rajput, Kiara Advani, Anupam Kher, Disha Patani"
38,The White Tiger,-2021,7.1,"Crime, Drama",125 min,"62,668","    Director:Ramin Bahrani|     Stars:Adarsh Gourav, Rajkummar Rao, Priyanka Chopra Jonas, Vedant Sinha"
39,OMG: Oh My God!,-2012,8.1,"Comedy, Drama, Fantasy",125 min,"60,616","    Director:Umesh Shukla|     Stars:Paresh Rawal, Akshay Kumar, Mithun Chakraborty, Mahesh Manjrekar"
40,Gunday,-2014,2.6,"Action, Drama, Musical",152 min,"59,604","    Director:Ali Abbas Zafar|     Stars:Ranveer Singh, Arjun Kapoor, Priyanka Chopra Jonas, Irrfan Khan"
41,Baby,(I) (2015),7.9,"Action, Crime, Thriller",159 min,"58,769","    Director:Neeraj Pandey|     Stars:Akshay Kumar, Danny Denzongpa, Rana Daggubati, Taapsee Pannu"
42,Chennai Express,-2013,6.1,"Action, Comedy, Drama",141 min,"58,208","    Director:Rohit Shetty|     Stars:Deepika Padukone, Shah Rukh Khan, Sathyaraj, Nikitin Dheer"
43,The Lunchbox,-2013,7.8,"Drama, Romance",104 min,"58,034","    Director:Ritesh Batra|     Stars:Irrfan Khan, Nimrat Kaur, Nawazuddin Siddiqui, Lillete Dubey"
44,Gangubai Kathiawadi,-2022,7.8,"Biography, Crime, Drama",152 min,"57,969","    Director:Sanjay Leela Bhansali|     Stars:Alia Bhatt, Shantanu Maheshwari, Vijay Raaz, Indira Tiwari"
45,Laxmii,-2020,2.5,"Action, Comedy, Horror",141 min,"57,865","    Directors:Raghava Lawrence, Balakrishnan Thevar|     Stars:Akshay Kumar, Kiara Advani, Sharad Kelkar, Ashwini Kalsekar"
46,Airlift,-2016,7.9,"Action, Drama, History",130 min,"57,808","    Director:Raja Menon|     Stars:Akshay Kumar, Nimrat Kaur, Kumud Mishra, Prakash Belawadi"
47,Chhichhore,-2019,8.3,"Comedy, Drama, Romance",143 min,"57,587","    Director:Nitesh Tiwari|     Stars:Sushant Singh Rajput, Shraddha Kapoor, Varun Sharma, Prateik Babbar"
48,Special Chabbis,-2013,8,"Crime, Drama, Thriller",144 min,"57,432","    Director:Neeraj Pandey|     Stars:Akshay Kumar, Anupam Kher, Manoj Bajpayee, Jimmy Shergill"
49,Sholay,-1975,8.1,"Action, Adventure, Comedy",204 min,"57,008","    Director:Ramesh Sippy|     Stars:Sanjeev Kumar, Dharmendra, Amitabh Bachchan, Amjad Khan"
50,Sanju,-2018,7.6,"Biography, Comedy, Drama",155 min,"56,864","    Director:Rajkumar Hirani|     Stars:Ranbir Kapoor, Paresh Rawal, Manisha Koirala, Vicky Kaushal"
51,Jab Tak Hai Jaan,-2012,6.7,"Drama, Romance",198 min,"56,821","    Director:Yash Chopra|     Stars:Shah Rukh Khan, Katrina Kaif, Anushka Sharma, Anupam Kher"
52,Shamshera,-2022,4.7,"Action, Adventure, Drama",178 min,"56,678","    Director:Karan Malhotra|     Stars:Ranbir Kapoor, Sanjay Dutt, Vaani Kapoor, Saurabh Shukla"
53,Haider,-2014,8,"Action, Crime, Drama",160 min,"56,025","    Director:Vishal Bhardwaj|     Stars:Shahid Kapoor, Tabu, Shraddha Kapoor, Kay Kay Menon"
54,Dasvi,-2022,7.8,"Comedy, Drama",125 min,"55,820","    Director:Tushar Jalota|     Stars:Abhishek Bachchan, Nimrat Kaur, Yami Gautam, Manu Rishi Chadha"
55,Jab We Met,-2007,7.9,"Comedy, Drama, Romance",138 min,"55,555","    Director:Imtiaz Ali|     Stars:Shahid Kapoor, Kareena Kapoor, Tarun Arora, Dara Singh Randhawa"
56,Don 2,-2011,7,"Action, Crime, Thriller",148 min,"55,208","    Director:Farhan Akhtar|     Stars:Shah Rukh Khan, Florian Lukas, Om Puri, Priyanka Chopra Jonas"
57,Veer-Zaara,-2004,7.8,"Drama, Family, Musical",192 min,"54,842","    Director:Yash Chopra|     Stars:Shah Rukh Khan, Preity G Zinta, Rani Mukerji, Kirron Kher"
58,Kuch Kuch Hota Hai,-1998,7.5,"Comedy, Drama, Musical",177 min,"54,531","    Director:Karan Johar|     Stars:Shah Rukh Khan, Kajol, Rani Mukerji, Sana Saeed"
59,Andaz Apna Apna,-1994,8,"Action, Comedy, Romance",160 min,"54,164","    Director:Rajkumar Santoshi|     Stars:Aamir Khan, Salman Khan, Raveena Tandon, Karisma Kapoor"
60,Samrat Prithviraj,-2022,5.8,"Action, Drama, History",135 min,"53,132","    Director:Chandra Prakash Dwivedi|     Stars:Akshay Kumar, Sanjay Dutt, Ashutosh Rana, Manushi Chhillar"
61,Rocketry: The Nambi Effect,-2022,8.8,"Biography, Drama",157 min,"53,120","    Director:Madhavan|     Stars:Madhavan, Simran, Rajit Kapoor, Ravi Raghavendra"
62,Tumbbad,-2018,8.2,"Drama, Fantasy, Horror",104 min,"52,713","    Directors:Rahi Anil Barve, Anand Gandhi, Adesh Prasad|     Stars:Sohum Shah, Jyoti Malshe, Anita Date-Kelkar, Ronjini Chakraborty"
63,Toofaan,-2021,6.3,"Action, Drama, Sport",163 min,"51,764","    Director:Rakeysh Omprakash Mehra|     Stars:Farhan Akhtar, Mrunal Thakur, Paresh Rawal, Mohan Agashe"
64,Rab Ne Bana Di Jodi,-2008,7.2,"Comedy, Drama, Music",167 min,"50,571","    Director:Aditya Chopra|     Stars:Shah Rukh Khan, Anushka Sharma, Vinay Pathak, M.K. Raina"
65,The Kerala Story,-2023,7.6,"Drama, History",138 min,"49,537","    Directors:Sudipto Sen, Vipul Amrutlal Shah|     Stars:Adah Sharma, Yogita Bihani, Sonia Balani, Siddhi Idnani"
66,Sultan,-2016,7,"Action, Drama, Romance",170 min,"48,823","    Director:Ali Abbas Zafar|     Stars:Salman Khan, Anushka Sharma, Randeep Hooda, Amit Sadh"
67,Lage Raho Munna Bhai,-2006,8,"Comedy, Drama, Romance",144 min,"48,122","    Director:Rajkumar Hirani|     Stars:Sanjay Dutt, Arshad Warsi, Vidya Balan, Boman Irani"
68,Chor Nikal Ke Bhaga,-2023,7.8,"Crime, Drama, Thriller",110 min,"47,943","    Director:Ajay Singh|     Stars:Yami Gautam, Sunny Kaushal, Sharad Kelkar, Indraneil Sengupta"
69,Yeh Jawaani Hai Deewani,-2013,7.2,"Comedy, Drama, Musical",160 min,"47,743","    Director:Ayan Mukerji|     Stars:Ranbir Kapoor, Deepika Padukone, Aditya Roy Kapoor, Kalki Koechlin"
70,Dhoom:3,-2013,5.4,"Action, Crime, Drama",172 min,"47,582","    Director:Vijay Krishna Acharya|     Stars:Aamir Khan, Katrina Kaif, Abhishek Bachchan, Uday Chopra"
71,Fan,(I) (2016),6.9,"Action, Drama, Thriller",142 min,"47,486","    Director:Maneesh Sharma|     Stars:Shah Rukh Khan, Shriya Pilgaonkar, Sayani Gupta, Waluscha D'Souza"
72,Race 3,-2018,1.9,"Action, Crime, Thriller",160 min,"47,460","    Director:Remo D'Souza|     Stars:Anil Kapoor, Salman Khan, Bobby Deol, Jacqueline Fernandez"
73,Raees,-2017,6.6,"Action, Crime, Drama",143 min,"47,400","    Director:Rahul Dholakia|     Stars:Sunny Leone, Shah Rukh Khan, Nawazuddin Siddiqui, Jaideep Ahlawat"
74,Liger,-2022,2.7,"Action, Drama, Romance",140 min,"46,650","    Director:Puri Jagannadh|     Stars:Mike Tyson, Vijay Deverakonda, Ananya Panday, Ronit Roy"
75,Pink,(III) (2016),8.1,"Crime, Drama, Thriller",136 min,"46,376","    Director:Aniruddha Roy Chowdhury|     Stars:Amitabh Bachchan, Taapsee Pannu, Kirti Kulhari, Andrea Tariang"
76,Rockstar,-2011,7.7,"Drama, Music, Romance",159 min,"46,231","    Director:Imtiaz Ali|     Stars:Ranbir Kapoor, Nargis Fakhri, Shammi Kapoor, Kumud Mishra"
77,Om Shanti Om,-2007,6.7,"Action, Comedy, Drama",162 min,"46,129","    Director:Farah Khan|     Stars:Shah Rukh Khan, Deepika Padukone, Arjun Rampal, Kirron Kher"
78,Udaan,-2010,8.1,Drama,134 min,"45,827","    Director:Vikramaditya Motwane|     Stars:Rajat Barmecha, Ronit Roy, Manjot Singh, Ram Kapoor"
79,Vicky Donor,-2012,7.8,"Comedy, Romance",126 min,"44,283","    Director:Shoojit Sircar|     Stars:Ayushmann Khurrana, Yami Gautam, Annu Kapoor, Dolly Ahluwalia"
80,Devdas,(I) (2002),7.5,"Drama, Musical, Romance",185 min,"44,088","    Director:Sanjay Leela Bhansali|     Stars:Shah Rukh Khan, Aishwarya Rai Bachchan, Madhuri Dixit, Jackie Shroff"
81,Sardar Udham,-2021,8.4,"Biography, Crime, Drama",164 min,"44,033","    Director:Shoojit Sircar|     Stars:Vicky Kaushal, Shaun Scott, Stephen Hogan, Amol Parashar"
82,Gehraiyaan,-2022,5.8,"Drama, Romance",148 min,"43,859","    Director:Shakun Batra|     Stars:Deepika Padukone, Ananya Panday, Naseeruddin Shah, Rajat Kapoor"
83,Jayeshbhai Jordaar,-2022,6,"Comedy, Drama",121 min,"43,578","    Director:Divyang Thakkar|     Stars:Pratik Nanda, Ranveer Singh, Shalini Pandey, Boman Irani"
84,Talaash,-2012,7.2,"Crime, Drama, Mystery",140 min,"43,555","    Directors:Reema Kagti, Priyamvada Narayanan|     Stars:Aamir Khan, Kareena Kapoor, Rani Mukerji, Nawazuddin Siddiqui"
85,Dhamaka,-2021,7.1,"Crime, Drama, Thriller",103 min,"41,796","    Directors:Ram Madhvani, Heavenveer Singh Hayer|     Stars:Kartik Aaryan, Mrunal Thakur, Amruta Subhash, Soham Majumdar"
86,Antim: The Final Truth,-2021,6.7,"Action, Crime, Drama",138 min,"41,610","    Director:Mahesh Manjrekar|     Stars:Salman Khan, Aayush Sharma, Mahima Makwana, Mahesh Manjrekar"
87,Dear Zindagi,-2016,7.4,"Drama, Romance",151 min,"41,512","    Director:Gauri Shinde|     Stars:Alia Bhatt, Shah Rukh Khan, Kunal Kapoor, Priyanka Moodley"
88,Mission Majnu,-2023,7.4,"Action, Drama, History",129 min,"41,397","    Director:Shantanu Bagchi|     Stars:Sidharth Malhotra, Rashmika Mandanna, Parmeet Sethi, Zakir Hussain"
89,Gully Boy,-2019,7.9,"Drama, Music, Romance",154 min,"41,234","    Director:Zoya Akhtar|     Stars:Ranveer Singh, Alia Bhatt, Siddhant Chaturvedi, Vijay Raaz"
90,Ludo,-2020,7.6,"Action, Comedy, Crime",149 min,"41,135","    Director:Anurag Basu|     Stars:Pankaj Tripathi, Abhishek Bachchan, Rajkummar Rao, Fatima Sana Shaikh"
91,Mimi,(I) (2021),7.9,"Comedy, Drama",132 min,"40,922","    Directors:Rajesh Bhatia, Laxman Utekar|     Stars:Kriti Sanon, Evelyn Edwards, Pankaj Tripathi, Sai Tamhankar"
92,83,-2021,7.5,"Biography, Drama, History",162 min,"38,997","    Director:Kabir Khan|     Stars:Ranveer Singh, Deepika Padukone, Tahir Raj Bhasin, Jiiva"
93,Happy New Year,(I) (2014),4.9,"Action, Comedy, Crime",180 min,"38,872","    Director:Farah Khan|     Stars:Shah Rukh Khan, Deepika Padukone, Abhishek Bachchan, Boman Irani"
94,Don,(I) (2006),7.1,"Action, Crime, Thriller",178 min,"38,847","    Director:Farhan Akhtar|     Stars:Shah Rukh Khan, Priyanka Chopra Jonas, Arjun Rampal, Isha Koppikar"
95,Jug Jugg Jeeyo,-2022,6.1,"Comedy, Drama, Family",148 min,"37,948","    Director:Raj Mehta|     Stars:Varun Dhawan, Anil Kapoor, Kiara Advani, Neetu Singh"
96,Kai po che!,-2013,7.8,"Drama, Sport",130 min,"37,802","    Director:Abhishek Kapoor|     Stars:Amit Sadh, Sushant Singh Rajput, Rajkummar Rao, Amrita Puri"
97,Main Hoon Na,-2004,7,"Action, Comedy, Drama",179 min,"37,685","    Director:Farah Khan|     Stars:Shah Rukh Khan, Sushmita Sen, Suniel Shetty, Zayed Khan"
98,English Vinglish,-2012,7.8,"Comedy, Drama, Family",134 min,"37,530","    Director:Gauri Shinde|     Stars:Sridevi, Adil Hussain, Mehdi Nebbou, Priya Anand"
99,Paan Singh Tomar,-2012,8.2,"Action, Biography, Crime",135 min,"37,009","    Director:Tigmanshu Dhulia|     Stars:Irrfan Khan, Mahie Gill, Rajesh Abhay, Hemendra Dandotiya"
100,Bajirao Mastani,-2015,7.2,"Action, Drama, History",158 min,"36,839","    Director:Sanjay Leela Bhansali|     Stars:Ranveer Singh, Deepika Padukone, Priyanka Chopra Jonas, Tanvi Azmi"
101,Drishyam 2,-2022,8.2,"Crime, Drama, Mystery",140 min,"36,456","    Director:Abhishek Pathak|     Stars:Ajay Devgn, Akshaye Khanna, Tabu, Shriya Saran"
102,Dilwale,-2015,5,"Action, Comedy, Drama",158 min,"36,440","    Director:Rohit Shetty|     Stars:Shah Rukh Khan, Kajol, Varun Dhawan, Kriti Sanon"
103,Talvar,-2015,8.1,"Crime, Drama, Mystery",132 min,"36,421","    Director:Meghna Gulzar|     Stars:Irrfan Khan, Konkona Sen Sharma, Neeraj Kabi, Sohum Shah"
104,Ek Tha Tiger,-2012,5.6,"Action, Adventure, Romance",132 min,"36,179","    Directors:Mathur Goswami, Kabir Khan|     Stars:Salman Khan, Katrina Kaif, Girish Karnad, Roshan Seth"
105,Bachchhan Paandey,-2022,5.2,"Action, Comedy, Crime",147 min,"36,140","    Director:Farhad Samji|     Stars:Akshay Kumar, Kriti Sanon, Jacqueline Fernandez, Pankaj Tripathi"
106,Badhaai ho,-2018,7.9,"Comedy, Drama",124 min,"35,929","    Director:Amit Ravindernath Sharma|     Stars:Ayushmann Khurrana, Neena Gupta, Gajraj Rao, Sanya Malhotra"
107,Kisi Ka Bhai Kisi Ki Jaan,-2023,6.8,"Action, Comedy, Drama",145 min,"35,729","    Director:Farhad Samji|     Stars:Salman Khan, Pooja Hegde, Venkatesh Daggubati, Aamir Naik"
108,Stree,-2018,7.5,"Comedy, Horror",128 min,"35,721","    Director:Amar Kaushik|     Stars:Ashish Chhipa, Rajkummar Rao, Shraddha Kapoor, Pankaj Tripathi"
109,Kabir Singh,-2019,7,"Action, Drama, Romance",173 min,"35,696","    Director:Sandeep Reddy Vanga|     Stars:Shahid Kapoor, Kiara Advani, Nikita Dutta, Soham Majumdar"
110,Black,-2005,8.1,Drama,122 min,"35,461","    Director:Sanjay Leela Bhansali|     Stars:Amitabh Bachchan, Rani Mukerji, Shernaz Patel, Ayesha Kapoor"
111,Gunjan Saxena: The Kargil Girl,-2020,5.5,"Action, Biography, Drama",112 min,"35,140","    Directors:ALi Khan AK, Sharan Sharma|     Stars:Janhvi Kapoor, Pankaj Tripathi, Angad Bedi, Manav Vij"
112,Article 15,-2019,8.1,"Crime, Drama, Mystery",130 min,"35,065","    Director:Anubhav Sinha|     Stars:Ayushmann Khurrana, Nassar, Manoj Pahwa, Kumud Mishra"
113,The Tashkent Files,-2019,8.1,"Drama, Mystery, Thriller",134 min,"34,984","    Director:Vivek Agnihotri|     Stars:Shweta Basu Prasad, Mithun Chakraborty, Naseeruddin Shah, Pankaj Tripathi"
114,Padmaavat,-2018,7,"Drama, History, Romance",164 min,"34,466","    Director:Sanjay Leela Bhansali|     Stars:Deepika Padukone, Ranveer Singh, Shahid Kapoor, Aditi Rao Hydari"
115,Anand,-1971,8.1,"Drama, Musical",122 min,"34,391","    Director:Hrishikesh Mukherjee|     Stars:Rajesh Khanna, Amitabh Bachchan, Sumita Sanyal, Ramesh Deo"
116,Tanhaji: The Unsung Warrior,-2020,7.5,"Action, Biography, Drama",135 min,"34,037","    Director:Om Raut|     Stars:Ajay Devgn, Saif Ali Khan, Sharad Kelkar, Kajol"
117,Super 30,-2019,7.9,"Biography, Drama",154 min,"33,880","    Director:Vikas Bahl|     Stars:Hrithik Roshan, Mrunal Thakur, Nandish Singh Sandhu, Veerendra Saxena"
118,Fanaa,-2006,7.1,"Action, Drama, Romance",168 min,"33,873","    Director:Kunal Kohli|     Stars:Aamir Khan, Kajol, Rishi Kapoor, Tabu"
119,Jodhaa Akbar,-2008,7.5,"Action, Drama, History",213 min,"33,575","    Director:Ashutosh Gowariker|     Stars:Hrithik Roshan, Aishwarya Rai Bachchan, Sonu Sood, Poonam Sinha"
120,Raanjhanaa,-2013,7.6,"Drama, Romance",140 min,"33,499","    Director:Aanand L. Rai|     Stars:Dhanush, Sonam Kapoor, Mohd. Zeeshan Ayyub, Swara Bhasker"
121,Dabangg,-2010,6.2,"Action, Comedy, Crime",126 min,"33,354","    Director:Abhinav Kashyap|     Stars:Salman Khan, Sonakshi Sinha, Sonu Sood, Arbaaz Khan"
122,Piku,-2015,7.6,"Comedy, Drama",123 min,"32,617","    Director:Shoojit Sircar|     Stars:Deepika Padukone, Amitabh Bachchan, Irrfan Khan, Moushumi Chatterjee"
123,Wake Up Sid,-2009,7.6,"Comedy, Drama, Romance",138 min,"32,493","    Director:Ayan Mukerji|     Stars:Ranbir Kapoor, Konkona Sen Sharma, Supriya Pathak, Anupam Kher"
124,Raazi,-2018,7.7,"Action, Drama, Thriller",138 min,"32,225","    Director:Meghna Gulzar|     Stars:Alia Bhatt, Vicky Kaushal, Rajit Kapoor, Shishir Sharma"
125,Bhool Bhulaiyaa 2,-2022,5.7,"Comedy, Drama, Horror",143 min,"31,954","    Director:Anees Bazmee|     Stars:Tabu, Kartik Aaryan, Kiara Advani, Rajpal Naurang Yadav"
126,Bharat,-2019,4.7,"Action, Comedy, Drama",150 min,"31,659","    Director:Ali Abbas Zafar|     Stars:Salman Khan, Katrina Kaif, Sunil Grover, Tabu"
127,Udta Punjab,-2016,7.7,"Action, Crime, Drama",148 min,"31,374","    Director:Abhishek Chaubey|     Stars:Shahid Kapoor, Alia Bhatt, Kareena Kapoor, Diljit Dosanjh"
128,Mohabbatein,-2000,7,"Drama, Musical, Romance",216 min,"31,355","    Director:Aditya Chopra|     Stars:Amitabh Bachchan, Shah Rukh Khan, Uday Chopra, Jugal Hansraj"
129,Dev.D,-2009,7.9,"Comedy, Drama, Romance",144 min,"31,335","    Director:Anurag Kashyap|     Stars:Abhay Deol, Mahie Gill, Kalki Koechlin, Dibyendu Bhattacharya"
130,Freddy,-2022,7.5,"Drama, Mystery, Romance",124 min,"31,102","    Director:Shashanka Ghosh|     Stars:Kartik Aaryan, Alaya F, Karan Pandit, Sajjad Delafrooz"
131,Aashiqui 2,-2013,7,"Drama, Music, Musical",132 min,"30,995","    Director:Mohit Suri|     Stars:Aditya Roy Kapoor, Shraddha Kapoor, Shaad Randhawa, Salil Acharya"
132,Tiger Zinda Hai,-2017,5.9,"Action, Adventure, Thriller",161 min,"30,961","    Directors:Mehmet Tutkun, Ali Abbas Zafar, Musa Muhammed Olayinka|     Stars:Salman Khan, Katrina Kaif, Paresh Rawal, Anupriya Goenka"
133,Hindi Medium,-2017,7.8,"Comedy, Drama",132 min,"30,424","    Director:Saket Chaudhary|     Stars:Irrfan Khan, Saba Qamar, Dishita Sehgal, Deepak Dobriyal"
134,Major,-2022,8.1,"Action, Biography, Drama",150 min,"30,364","    Director:Sashi Kiran Tikka|     Stars:Adivi Sesh, Prakash Raj, Revathi, Saiee Manjrekar"
135,Bhool Bhulaiyaa,-2007,7.4,"Comedy, Horror, Mystery",159 min,"30,117","    Director:Priyadarshan|     Stars:Akshay Kumar, Vidya Balan, Shiney Ahuja, Ameesha Patel"
136,Dil Se..,-1998,7.5,"Drama, Romance",144 min,"29,838","    Director:Mani Ratnam|     Stars:Shah Rukh Khan, Manisha Koirala, Preity G Zinta, Raghuvir Yadav"
137,Shehzada,-2023,4.6,"Action, Comedy, Drama",142 min,"29,637","    Director:Rohit Dhawan|     Stars:Kartik Aaryan, Kriti Sanon, Paresh Rawal, Manisha Koirala"
138,Highway,(I) (2014),7.6,"Crime, Drama, Romance",133 min,"29,566","    Director:Imtiaz Ali|     Stars:Alia Bhatt, Randeep Hooda, Durgesh Kumar, Pradeep Nagar"
139,Badla,-2019,7.8,"Crime, Drama, Mystery",118 min,"29,333","    Director:Sujoy Ghosh|     Stars:Amitabh Bachchan, Taapsee Pannu, Amrita Singh, Antonio Aakeel"
140,War,-2019,6.5,"Action, Adventure, Thriller",154 min,"29,316","    Director:Siddharth Anand|     Stars:Hrithik Roshan, Tiger Shroff, Vaani Kapoor, Ashutosh Rana"
141,Tamasha,-2015,7.3,"Comedy, Drama, Romance",139 min,"29,307","    Director:Imtiaz Ali|     Stars:Deepika Padukone, Ranbir Kapoor, Arushi Sharma, Ishwak Singh"
142,Masaan,-2015,8.1,Drama,109 min,"29,239","    Director:Neeraj Ghaywan|     Stars:Richa Chadha, Sanjay Mishra, Vicky Kaushal, Pankaj Tripathi"
143,Tanu Weds Manu Returns,-2015,7.6,"Comedy, Drama, Romance",128 min,"29,236","    Director:Aanand L. Rai|     Stars:Kangana Ranaut, Madhavan, Jimmy Shergill, Deepak Dobriyal"
144,Holiday,-2014,7.2,"Action, Crime, Thriller",160 min,"29,112","    Director:A.R. Murugadoss|     Stars:Akshay Kumar, Sonakshi Sinha, Freddy Daruwala, Sumeet Raghavan"
145,An Action Hero,-2022,7,"Action, Comedy, Crime",130 min,"29,103","    Director:Anirudh Iyer|     Stars:Ayushmann Khurrana, Jaideep Ahlawat, Neeraj Madhav, Gautam Joglekar"
146,Baazigar,-1993,7.6,"Crime, Drama, Musical",175 min,"28,989","    Directors:Abbas Alibhai Burmawalla, Mastan Alibhai Burmawalla|     Stars:Shah Rukh Khan, Kajol, Dalip Tahil, Rakhee Gulzar"
147,Runway 34,-2022,7,"Drama, Thriller",145 min,"28,938","    Director:Ajay Devgn|     Stars:Ajay Devgn, Amitabh Bachchan, Rakul Preet Singh, CarryMinati"
148,Zero,(III) (2018),5.2,"Comedy, Drama, Romance",164 min,"28,909","    Director:Aanand L. Rai|     Stars:Shah Rukh Khan, Anushka Sharma, Katrina Kaif, Mohd. Zeeshan Ayyub"
149,Dhoom:2,-2006,6.5,"Action, Crime, Thriller",152 min,"28,197","    Director:Sanjay Gadhvi|     Stars:Hrithik Roshan, Abhishek Bachchan, Aishwarya Rai Bachchan, Uday Chopra"
150,Haseen Dillruba,-2021,6.9,"Crime, Drama, Mystery",135 min,"28,188","    Director:Vinil Mathew|     Stars:Taapsee Pannu, Vikrant Massey, Harshvardhan Rane, Aditya Srivastav"
151,Kaabil,-2017,7.1,"Action, Crime, Drama",139 min,"27,965","    Director:Sanjay Gupta|     Stars:Hrithik Roshan, Yami Gautam, Ronit Roy, Rohit Roy"
152,Secret Superstar,-2017,7.8,"Drama, Music",150 min,"27,713","    Director:Advait Chandan|     Stars:Zaira Wasim, Meher Vij, Raj Arjun, Aamir Khan"
153,Chehre,-2021,6.2,"Drama, Mystery, Thriller",139 min,"27,639","    Director:Rumi Jaffery|     Stars:Amitabh Bachchan, Emraan Hashmi, Krystle D'Souza, Annu Kapoor"
154,Jaane Tu... Ya Jaane Na,-2008,7.4,"Comedy, Drama, Romance",155 min,"27,497","    Director:Abbas Tyrewala|     Stars:Imran Khan, Genelia D'Souza, Manjari Fadnnis, Ayaz Khan"
155,Rustom,-2016,7,"Crime, Drama, Thriller",148 min,"27,484","    Director:Tinu Suresh Desai|     Stars:Akshay Kumar, Ileana D'Cruz, Arjan Bajwa, Esha Gupta"
156,Chhapaak,-2020,5.4,"Biography, Drama",120 min,"27,375","    Director:Meghna Gulzar|     Stars:Deepika Padukone, Vikrant Massey, Madhurjeet Sarghi, Payal Nair"
157,Kapoor & Sons,-2016,7.7,"Comedy, Drama, Family",132 min,"27,283","    Director:Shakun Batra|     Stars:Rishi Kapoor, Rajat Kapoor, Ratna Pathak Shah, Fawad Khan"
158,Padman,-2018,7.9,"Comedy, Drama",140 min,"27,203","    Director:R. Balki|     Stars:Akshay Kumar, Radhika Apte, Sonam Kapoor, Jyoti Subhash"
159,Atrangi Re,-2021,6.4,"Comedy, Drama, Fantasy",138 min,"27,027","    Director:Aanand L. Rai|     Stars:Dhanush, Sara Ali Khan, Akshay Kumar, Seema Biswas"
160,Bhoot Police,-2021,6.9,"Comedy, Horror",129 min,"26,967","    Director:Pavan Kirpalani|     Stars:Saif Ali Khan, Arjun Kapoor, Jacqueline Fernandez, Yami Gautam"
161,Heropanti 2,-2022,2.5,"Action, Comedy, Crime",145 min,"26,965","    Director:Ahmed Khan|     Stars:Tiger Shroff, Nawazuddin Siddiqui, Tara Sutaria, Amber Doig-Thorne"
162,Bodyguard,(I) (2011),4.7,"Action, Comedy, Drama",130 min,"26,844","    Director:Siddique|     Stars:Salman Khan, Kareena Kapoor, Raj Babbar, Hazel Keech"
163,2 States,-2014,6.9,"Comedy, Drama, Romance",149 min,"26,439","    Director:Abhishek Varman|     Stars:Arjun Kapoor, Alia Bhatt, Amrita Singh, Revathi"
164,Sarfarosh,-1999,8.1,"Action, Drama, Thriller",174 min,"26,201","    Director:John Mathew Matthan|     Stars:Aamir Khan, Naseeruddin Shah, Sonali Bendre, Mukesh Rishi"
165,Jolly LLB 2,-2017,7.2,"Comedy, Crime, Drama",137 min,"26,199","    Director:Subhash Kapoor|     Stars:Akshay Kumar, Huma Qureshi, Saurabh Shukla, Annu Kapoor"
166,Thappad,-2020,7,Drama,142 min,"26,171","    Director:Anubhav Sinha|     Stars:Taapsee Pannu, Pavail Gulati, Kumud Mishra, Ratna Pathak Shah"
167,Monsoon Wedding,-2001,7.3,"Comedy, Drama, Romance",114 min,"26,158","    Director:Mira Nair|     Stars:Naseeruddin Shah, Lillete Dubey, Shefali Shah, Vijay Raaz"
168,Raksha Bandhan,-2022,5.2,"Comedy, Drama, Family",108 min,"25,834","    Director:Aanand L. Rai|     Stars:Akshay Kumar, Bhumi Pednekar, Sadia Khateeb, Manu Rishi Chadha"
169,Gabbar Is Back,-2015,7.1,"Action, Crime, Drama",128 min,"25,744","    Director:Radha Krishna Jagarlamudi|     Stars:Akshay Kumar, Shruti Haasan, Kareena Kapoor, Suman"
170,Phir Hera Pheri,-2006,7.2,"Comedy, Crime",153 min,"25,710","    Director:Neeraj Vora|     Stars:Akshay Kumar, Suniel Shetty, Paresh Rawal, Bipasha Basu"
171,2,-2018,6.1,"Action, Sci-Fi, Thriller",148 min,"25,629","    Director:S. Shankar|     Stars:Rajinikanth, Akshay Kumar, Amy Jackson, Adil Hussain"
172,Koi... Mil Gaya,-2003,7.1,"Action, Drama, Romance",171 min,"25,591","    Director:Rakesh Roshan|     Stars:Hrithik Roshan, Rekha, Preity G Zinta, Rakesh Roshan"
173,Agneepath,-2012,6.9,"Action, Crime, Drama",174 min,"25,492","    Director:Karan Malhotra|     Stars:Hrithik Roshan, Priyanka Chopra Jonas, Sanjay Dutt, Rishi Kapoor"
174,Jhund,-2022,7.4,"Biography, Drama, Sport",176 min,"25,377","    Director:Nagraj Manjule|     Stars:Amitabh Bachchan, Ankush Gedam, Babu Kshatriya, Jerico Robert"
175,Wanted,(I) (2009),6.6,"Action, Crime, Thriller",147 min,"25,046","    Director:Prabhu Deva|     Stars:Salman Khan, Ayesha Takia, Prakash Raj, Vinod Khanna"
176,Bang Bang,(I) (2014),5.6,"Action, Adventure, Comedy",153 min,"25,033","    Director:Siddharth Anand|     Stars:Hrithik Roshan, Katrina Kaif, Pawan Malhotra, Danny Denzongpa"
177,Madras Cafe,-2013,7.6,"Action, Drama, Thriller",130 min,"24,954","    Director:Shoojit Sircar|     Stars:John Abraham, Raashi Khanna, Nargis Fakhri, Prakash Belawadi"
178,Badlapur,-2015,7.4,"Action, Crime, Drama",134 min,"24,765","    Directors:Sriram Raghavan, Mehmet Tutkun|     Stars:Varun Dhawan, Nawazuddin Siddiqui, Yami Gautam, Huma Qureshi"
179,Parmanu: The Story of Pokhran,-2018,7.6,"Action, Drama, History",129 min,"24,709","    Director:Abhishek Sharma|     Stars:John Abraham, Boman Irani, Diana Penty, Anuja Sathe"
180,Bhuj: The Pride of India,-2021,4.2,"Action, Drama, History",113 min,"24,696","    Director:Abhishek Dudhaiya|     Stars:Ajay Devgn, Sanjay Dutt, Sonakshi Sinha, Sharad Kelkar"
181,Bareilly Ki Barfi,-2017,7.5,"Comedy, Romance",116 min,"24,567","    Director:Ashwiny Iyer Tiwari|     Stars:Ayushmann Khurrana, Kriti Sanon, Rajkummar Rao, Pankaj Tripathi"
182,Darr,-1993,7.6,"Action, Drama, Romance",178 min,"24,520","    Director:Yash Chopra|     Stars:Juhi Chawla, Sunny Deol, Shah Rukh Khan, Anupam Kher"
183,Khosla Ka Ghosla!,-2006,8.3,"Comedy, Crime, Drama",135 min,"24,386","    Directors:Dibakar Banerjee, Pravin E. Birje|     Stars:Anupam Kher, Boman Irani, Parvin Dabas, Tara Sharma"
184,Guru,-2007,7.7,Drama,162 min,"24,380","    Director:Mani Ratnam|     Stars:Mithun Chakraborty, Abhishek Bachchan, Aishwarya Rai Bachchan, Madhavan"
185,Ae Dil Hai Mushkil,-2016,5.8,"Drama, Music, Musical",158 min,"24,379","    Director:Karan Johar|     Stars:Ranbir Kapoor, Aishwarya Rai Bachchan, Anushka Sharma, Fawad Khan"
186,A Thursday,-2022,7.7,"Drama, Thriller",128 min,"24,296","    Director:Behzad Khambata|     Stars:Yami Gautam, Atul Kulkarni, Neha Dhupia, Dimple Kapadia"
187,Lakshya,-2004,7.8,"Action, Drama, Romance",186 min,"24,180","    Director:Farhan Akhtar|     Stars:Hrithik Roshan, Preity G Zinta, Amitabh Bachchan, Om Puri"
188,Krrish 3,-2013,5.3,"Action, Adventure, Sci-Fi",152 min,"24,112","    Director:Rakesh Roshan|     Stars:Hrithik Roshan, Vivek Oberoi, Priyanka Chopra Jonas, Kangana Ranaut"
189,Welcome,(I) (2007),7,"Comedy, Crime, Drama",159 min,"23,823","    Director:Anees Bazmee|     Stars:Akshay Kumar, Katrina Kaif, Nana Patekar, Anil Kapoor"
190,Detective Byomkesh Bakshy!,-2015,7.6,"Action, Crime, Drama",139 min,"23,772","    Director:Dibakar Banerjee|     Stars:Sushant Singh Rajput, Anand Tiwari, Neeraj Kabi, Divya Menon"
191,Jo Jeeta Wohi Sikandar,-1992,8.1,"Comedy, Drama, Romance",174 min,"23,730","    Director:Mansoor Khan|     Stars:Aamir Khan, Ayesha Jhulka, Deepak Tijori, Pooja Bedi"
192,Gaslight,(I) (2023),7.4,"Crime, Mystery, Thriller",111 min,"23,601","    Director:Pavan Kirpalani|     Stars:Sara Ali Khan, Vikrant Massey, Chitrangda Singh, Rahul Dev"
193,Sonu Ke Titu Ki Sweety,-2018,7.1,"Comedy, Romance",138 min,"23,478","    Director:Luv Ranjan|     Stars:Kartik Aaryan, Nushrratt Bharuccha, Sunny Singh, Alok Nath"
194,Dil To Pagal Hai,-1997,7,"Comedy, Drama, Musical",180 min,"23,320","    Director:Yash Chopra|     Stars:Shah Rukh Khan, Madhuri Dixit, Karisma Kapoor, Akshay Kumar"
195,Neerja,-2016,7.6,"Biography, Drama, Thriller",122 min,"23,204","    Director:Ram Madhvani|     Stars:Sonam Kapoor, Shabana Azmi, Yogendra Tikku, Abrar Zahoor"
196,Bellbottom,-2021,6.1,"Action, Thriller",123 min,"23,149","    Director:Ranjit Tewari|     Stars:Akshay Kumar, Huma Qureshi, Vaani Kapoor, Lara Dutta"
197,Rowdy Rathore,-2012,5.8,"Action, Comedy, Crime",140 min,"23,137","    Director:Prabhu Deva|     Stars:Akshay Kumar, Sonakshi Sinha, Nassar, Yashpal Sharma"
198,Chup,-2022,7.6,"Crime, Mystery, Romance",135 min,"23,037","    Director:R. Balki|     Stars:Dulquer Salmaan, Shreya Dhanwanthary, Sunny Deol, Pooja Bhatt"
199,Prem Ratan Dhan Payo,-2015,4.4,"Action, Drama, Musical",164 min,"22,817","    Director:Sooraj R. Barjatya|     Stars:Salman Khan, Sonam Kapoor, Abhinay Raj Singh, Neil Nitin Mukesh"
200,Cirkus,-2022,4.8,"Comedy, Drama",112 min,"22,756","    Director:Rohit Shetty|     Stars:Ranveer Singh, Varun Sharma, Pooja Hegde, Jacqueline Fernandez"
201,Shiddat,-2021,7.6,Romance,146 min,"22,705","    Director:Kunal Deshmukh|     Stars:Sunny Kaushal, Radhika Madan, Mohit Raina, Diana Penty"
202,Krrish,-2006,6.4,"Action, Adventure, Sci-Fi",185 min,"22,562","    Director:Rakesh Roshan|     Stars:Hrithik Roshan, Priyanka Chopra Jonas, Rekha, Naseeruddin Shah"
203,Ugly,-2013,7.9,"Crime, Drama, Mystery",128 min,"22,518","    Director:Anurag Kashyap|     Stars:Rahul Bhat, Ronit Roy, Tejaswini Kolhapure, Vineet Kumar Singh"
204,Rock On!!,-2008,7.7,"Drama, Music",145 min,"22,512","    Director:Abhishek Kapoor|     Stars:Arjun Rampal, Farhan Akhtar, Luke Kenny, Purab Kohli"
205,Namastey London,-2007,7.1,"Comedy, Drama, Romance",128 min,"22,404","    Director:Vipul Amrutlal Shah|     Stars:Akshay Kumar, Katrina Kaif, Rishi Kapoor, Clive Standen"
206,Toilet - Ek Prem Katha,-2017,7.1,"Comedy, Drama, Romance",155 min,"22,286","    Director:Shree Narayan Singh|     Stars:Akshay Kumar, Anupam Kher, Bhumi Pednekar, Rajesh Sharma"
207,Anek,-2022,6.5,"Action, Drama, Sport",147 min,"22,150","    Director:Anubhav Sinha|     Stars:Ayushmann Khurrana, Andrea Kevichüsa, Manoj Pahwa, Kumud Mishra"
208,Pyaar Ka Punchnama,-2011,7.6,"Comedy, Drama, Romance",149 min,"22,149","    Director:Luv Ranjan|     Stars:Kartik Aaryan, Ashish Chhipa, Raayo S. Bakhirta, Divyendu Sharma"
209,Hum Aapke Hain Koun..!,-1994,7.5,"Comedy, Drama, Musical",206 min,"21,833","    Director:Sooraj R. Barjatya|     Stars:Madhuri Dixit, Salman Khan, Mohnish Behl, Renuka Shahane"
210,Jab Harry Met Sejal,-2017,5.1,"Comedy, Drama, Romance",143 min,"21,673","    Director:Imtiaz Ali|     Stars:Shah Rukh Khan, Anushka Sharma, Björn Freiberg, Bruce Huther"
211,Cuttputlli,-2022,5.8,"Crime, Drama, Mystery",120 min,"21,616","    Director:Ranjit Tewari|     Stars:Akshay Kumar, Rakul Preet Singh, Sargun Mehta, Chandrachur Singh"
212,Ek Villain,-2014,6.5,"Action, Crime, Drama",129 min,"21,531","    Director:Mohit Suri|     Stars:Sidharth Malhotra, Shraddha Kapoor, Riteish Deshmukh, Shaad Randhawa"
213,Goliyon Ki Rasleela Ram-Leela,-2013,6.4,"Drama, Musical, Romance",150 min,"21,437","    Director:Sanjay Leela Bhansali|     Stars:Ranveer Singh, Deepika Padukone, Supriya Pathak, Sharad Kelkar"
214,Black Friday,-2004,8.4,"Action, Crime, Drama",143 min,"21,413","    Director:Anurag Kashyap|     Stars:Kay Kay Menon, Pawan Malhotra, Aditya Srivastav, Dibyendu Bhattacharya"
215,Thugs of Hindostan,-2018,4,"Action, Adventure",164 min,"21,389","    Director:Vijay Krishna Acharya|     Stars:Aamir Khan, Amitabh Bachchan, Katrina Kaif, Lloyd Owen"
216,Dhoom,-2004,6.6,"Action, Crime, Drama",129 min,"21,381","    Director:Sanjay Gadhvi|     Stars:Abhishek Bachchan, John Abraham, Uday Chopra, Esha Deol"
217,Student of the Year 2,-2019,2.1,"Action, Comedy, Drama",146 min,"21,380","    Director:Punit Malhotra|     Stars:Tiger Shroff, Ananya Panday, Tara Sutaria, Aditya Seal"
218,Kesari,-2019,7.4,"Action, Drama, History",150 min,"21,372","    Director:Anurag Singh|     Stars:Akshay Kumar, Parineeti Chopra, Suvinder Vicky, Vansh Bhardwaj"
219,Simmba,-2018,5.5,"Action, Crime, Drama",158 min,"21,337","    Director:Rohit Shetty|     Stars:Ranveer Singh, Sara Ali Khan, Sonu Sood, Ashutosh Rana"
220,Mulk,(I) (2018),7.2,Drama,140 min,"21,328","    Director:Anubhav Sinha|     Stars:Taapsee Pannu, Rishi Kapoor, Ashutosh Rana, Rajat Kapoor"
221,Omkara,-2006,8.1,"Action, Crime, Drama",155 min,"21,269","    Director:Vishal Bhardwaj|     Stars:Ajay Devgn, Kareena Kapoor, Saif Ali Khan, Konkona Sen Sharma"
222,Rocket Singh: Salesman of the Year,-2009,7.5,"Comedy, Drama",150 min,"21,137","    Director:Shimit Amin|     Stars:Ranbir Kapoor, Prem Chopra, Mukesh S. Bhatt, D. Santosh"
223,Khuda Haafiz,-2020,7.1,"Action, Crime, Drama",133 min,"21,125","    Director:Faruk Kabir|     Stars:Vidyut Jammwal, Shivaleeka Oberoi, Annu Kapoor, Aahana Kumra"
224,Good Newwz,-2019,6.8,"Comedy, Drama",134 min,"21,112","    Directors:Raj Mehta, Kulwinder Singh, Ranjeet Singh|     Stars:Ahmad Harhash, Akshay Kumar, Kareena Kapoor, Diljit Dosanjh"
225,Tubelight,-2017,3.9,"Drama, War",136 min,"21,056","    Director:Kabir Khan|     Stars:Salman Khan, Sohail Khan, Om Puri, Mohd. Zeeshan Ayyub"
226,Kabhi Alvida Naa Kehna,-2006,6,"Drama, Romance",193 min,"20,774","    Director:Karan Johar|     Stars:Shah Rukh Khan, Rani Mukerji, Amitabh Bachchan, Abhishek Bachchan"
227,Newton,-2017,7.6,"Comedy, Drama",106 min,"20,650","    Director:Amit Masurkar|     Stars:Rajkummar Rao, Pankaj Tripathi, Anjali Patil, Raghuvir Yadav"
228,Jolly LLB,-2013,7.5,"Comedy, Crime, Drama",135 min,"20,588","    Director:Subhash Kapoor|     Stars:Arshad Warsi, Amrita Rao, Boman Irani, Saurabh Shukla"
229,Dum Laga Ke Haisha,-2015,7.5,"Comedy, Drama, Romance",109 min,"20,429","    Director:Sharat Katariya|     Stars:Ayushmann Khurrana, Bhumi Pednekar, Sanjay Mishra, Sheeba Chaddha"
230,Dobaaraa,-2022,4.6,"Drama, Fantasy, Mystery",132 min,"20,366","    Director:Anurag Kashyap|     Stars:Taapsee Pannu, Pavail Gulati, Nassar, Saswata Chatterjee"
231,Jai Ho,-2014,5,"Action, Drama",135 min,"20,184","    Director:Sohail Khan|     Stars:Salman Khan, Abhinay Raj Singh, Daisy Shah, Tabu"
232,Tere Naam,-2003,7.2,"Action, Drama, Romance",132 min,"19,937","    Director:Satish Kaushik|     Stars:Salman Khan, Bhoomika Chawla, Sachin Khedekar, Savita Prabhune"
233,Badhaai Do,-2022,7,"Comedy, Crime, Drama",147 min,"19,721","    Director:Harshavardhan Kulkarni|     Stars:Rajkummar Rao, Bhumi Pednekar, Chum Darang, Sheeba Chaddha"
234,Dabangg 3,-2019,3,"Action, Comedy, Crime",160 min,"19,576","    Director:Prabhu Deva|     Stars:Salman Khan, Sudeep, Sonakshi Sinha, Saiee Manjrekar"
235,Chhalaang,-2020,6.7,"Comedy, Drama, Sport",136 min,"19,565","    Director:Hansal Mehta|     Stars:Rajkummar Rao, Nushrratt Bharuccha, Mohd. Zeeshan Ayyub, Saurabh Shukla"
236,Darlings,(I) (2022),6.5,"Comedy, Drama, Thriller",133 min,"19,545","    Director:Jasmeet K Reen|     Stars:Alia Bhatt, Shefali Shah, Vijay Varma, Roshan Mathew"
237,Manjhi: The Mountain Man,-2015,8,"Biography, Drama",120 min,"19,528","    Director:Ketan Mehta|     Stars:Nawazuddin Siddiqui, Abhinay Raj Singh, Radhika Apte, Ashutosh Acharya"
238,Gol Maal,-1979,8.5,"Comedy, Romance",144 min,"19,499","    Director:Hrishikesh Mukherjee|     Stars:Amol Palekar, Bindiya Goswami, Deven Verma, Shobha Khote"
239,Wazir,(I) (2016),7.1,"Action, Crime, Drama",103 min,"19,470","    Director:Bejoy Nambiar|     Stars:Amitabh Bachchan, Farhan Akhtar, Aditi Rao Hydari, John Abraham"
240,Dabangg 2,-2012,4.8,"Action, Comedy, Crime",120 min,"19,235","    Director:Arbaaz Khan|     Stars:Salman Khan, Sonakshi Sinha, Prakash Raj, Vinod Khanna"
241,Baadshah,-1999,6.8,"Action, Comedy, Crime",175 min,"19,195","    Directors:Abbas Alibhai Burmawalla, Mastan Alibhai Burmawalla|     Stars:Shah Rukh Khan, Twinkle Khanna, Amrish Puri, Johny Lever"
242,Guzaarish,-2010,7.4,"Drama, Romance",126 min,"19,173","    Director:Sanjay Leela Bhansali|     Stars:Hrithik Roshan, Aishwarya Rai Bachchan, Shernaz Patel, Aditya Roy Kapoor"
243,Hum Dil De Chuke Sanam,-1999,7.4,"Comedy, Drama, Musical",188 min,"19,152","    Director:Sanjay Leela Bhansali|     Stars:Aishwarya Rai Bachchan, Salman Khan, Ajay Devgn, Zohra Sehgal"
244,Student of the Year,-2012,5.2,"Comedy, Drama, Music",146 min,"19,005","    Director:Karan Johar|     Stars:Alia Bhatt, Sidharth Malhotra, Varun Dhawan, Rishi Kapoor"
245,Mrs. Serial Killer,-2020,4.1,"Crime, Drama, Thriller",106 min,"18,920","    Director:Shirish Kunder|     Stars:Jacqueline Fernandez, Manoj Bajpayee, Mohit Raina, Zayn Marie Khan"
246,Ready,-2011,4.8,"Action, Comedy, Romance",145 min,"18,919","    Director:Anees Bazmee|     Stars:Salman Khan, Asin Thottumkal, Paresh Rawal, Mahesh Manjrekar"
247,Kabhi Haan Kabhi Naa,-1994,7.6,"Comedy, Drama, Music",158 min,"18,848","    Director:Kundan Shah|     Stars:Shah Rukh Khan, Suchitra Krishnamoorthi, Deepak Tijori, Rita Bhaduri"
248,Vikram Vedha,-2022,7.1,"Action, Crime, Drama",160 min,"18,842","    Directors:Gayatri, Pushkar|     Stars:Saif Ali Khan, Hrithik Roshan, Radhika Apte, Rohit Saraf"
249,Raat Akeli Hai,-2020,7.2,"Crime, Drama, Mystery",149 min,"18,804","    Director:Honey Trehan|     Stars:Ashish Chhipa, Nawazuddin Siddiqui, Radhika Apte, Aditya Srivastav"
250,Dil Dhadakne Do,-2015,7,"Comedy, Drama, Romance",170 min,"18,667","    Director:Zoya Akhtar|     Stars:Anil Kapoor, Shefali Shah, Priyanka Chopra Jonas, Ranveer Singh"
251,Tu Jhoothi Main Makkaar,-2023,6.2,"Comedy, Romance",150 min,"18,293","    Director:Luv Ranjan|     Stars:Shraddha Kapoor, Ranbir Kapoor, Nushrratt Bharuccha, Hasleen Kaur"
252,Raajneeti,-2010,7.1,"Crime, Drama, Thriller",163 min,"18,227","    Director:Prakash Jha|     Stars:Ajay Devgn, Ranbir Kapoor, Nana Patekar, Katrina Kaif"
253,Raid,-2018,7.4,"Action, Crime, Drama",122 min,"18,203","    Director:Raj Kumar Gupta|     Stars:Ajay Devgn, Ileana D'Cruz, Saurabh Shukla, Amit Sial"
254,Once Upon a Time in Mumbaai,-2010,7.4,"Action, Crime, Drama",134 min,"18,168","    Director:Milan Luthria|     Stars:Ajay Devgn, Emraan Hashmi, Kangana Ranaut, Prachi Desai"
255,Monica O My Darling,-2022,7.4,"Comedy, Crime, Drama",129 min,"18,070","    Director:Vasan Bala|     Stars:Rajkummar Rao, Huma Qureshi, Radhika Apte, Sikandar Kher"
256,Golmaal: Fun Unlimited,-2006,7.4,"Action, Comedy, Drama",150 min,"18,040","    Director:Rohit Shetty|     Stars:Ajay Devgn, Arshad Warsi, Sharman Joshi, Tusshar Kapoor"
257,Lootcase,-2020,7.5,"Comedy, Crime",132 min,"18,002","    Director:Rajesh Krishnan|     Stars:Kunal Kemmu, Rasika Dugal, Vijay Raaz, Ranvir Shorey"
258,Torbaaz,-2020,5.1,"Action, Drama, Sport",133 min,"17,971","    Director:Girish Malik|     Stars:Sanjay Dutt, Nargis Fakhri, Rahul Dev, Kuwaarjeet Chopraa"
259,Meenakshi Sundareshwar,-2021,6.9,"Comedy, Romance",140 min,"17,934","    Director:Vivek Soni|     Stars:Sanya Malhotra, Abhimanyu Dasani, Shivkumar Subramaniam, Nivedita Bhargava"
260,Oye Lucky! Lucky Oye!,-2008,7.7,"Action, Comedy, Crime",125 min,"17,842","    Director:Dibakar Banerjee|     Stars:Abhay Deol, Paresh Rawal, Nitu Chandra, Archana Puran Singh"
261,Singham,-2011,6.8,"Action, Crime, Drama",143 min,"17,827","    Director:Rohit Shetty|     Stars:Ajay Devgn, Prakash Raj, Sudhanshu Pandey, Kajal Aggarwal"
262,Gangaajal,-2003,7.8,"Action, Crime, Drama",157 min,"17,674","    Director:Prakash Jha|     Stars:Ajay Devgn, Gracy Singh, Mohan Joshi, Yashpal Sharma"
263,Kaminey,-2009,7.4,"Action, Crime, Drama",130 min,"17,602","    Director:Vishal Bhardwaj|     Stars:Shahid Kapoor, Priyanka Chopra Jonas, Deb Mukherjee, Shivkumar Subramaniam"
264,Band Baaja Baaraat,-2010,7.2,"Comedy, Drama, Romance",139 min,"17,479","    Director:Maneesh Sharma|     Stars:Ranveer Singh, Anushka Sharma, Ranjit Batra, Satender Bhardwaj"
265,Iqbal,-2005,8.1,"Drama, Sport",132 min,"17,297","    Director:Nagesh Kukunoor|     Stars:Shreyas Talpade, Naseeruddin Shah, Shweta Basu Prasad, Yatin Karyekar"
266,Nayak: The Real Hero,-2001,7.8,"Action, Drama, Thriller",187 min,"17,057","    Director:S. Shankar|     Stars:Anil Kapoor, Rani Mukerji, Amrish Puri, Paresh Rawal"
267,Sarkar,-2005,7.6,"Action, Crime, Drama",124 min,"17,038","    Director:Ram Gopal Varma|     Stars:Amitabh Bachchan, Abhishek Bachchan, Kay Kay Menon, Supriya Pathak"
268,Angrezi Medium,-2020,7.2,"Comedy, Drama",145 min,"17,032","    Director:Homi Adajania|     Stars:Irrfan Khan, Radhika Madan, Kareena Kapoor, Deepak Dobriyal"
269,Dhamaal,-2007,7.4,"Action, Adventure, Comedy",136 min,"16,974","    Director:Indra Kumar|     Stars:Sanjay Dutt, Riteish Deshmukh, Arshad Warsi, Jaaved Jaaferi"
270,Race 2,-2013,5.3,"Action, Crime, Thriller",150 min,"16,940","    Directors:Abbas Alibhai Burmawalla, Mastan Alibhai Burmawalla|     Stars:Saif Ali Khan, Anil Kapoor, John Abraham, Deepika Padukone"
271,Shahid,-2012,8.2,"Biography, Drama",129 min,"16,923","    Director:Hansal Mehta|     Stars:Rajkummar Rao, Prabhleen Sandhu, Mohd. Zeeshan Ayyub, Baljinder Kaur"
272,Baghban,-2003,7.4,"Drama, Romance",181 min,"16,916","    Director:Ravi Chopra|     Stars:Amitabh Bachchan, Hema Malini, Salman Khan, Mahima Chaudhry"
273,The Legend of Bhagat Singh,-2002,8.1,"Action, Biography, Drama",155 min,"16,841","    Director:Rajkumar Santoshi|     Stars:Ajay Devgn, Sushant Singh, D. Santosh, Akhilendra Mishra"
274,Bholaa,-2023,7.3,"Action, Adventure, Crime",144 min,"16,815","    Director:Ajay Devgn|     Stars:Ajay Devgn, Amala Paul, Tabu, Deepak Dobriyal"
275,Doctor G,-2022,6.7,"Comedy, Drama",124 min,"16,794","    Director:Anubhuti Kashyap|     Stars:Ayushmann Khurrana, Rakul Preet Singh, Shefali Shah, Sheeba Chaddha"
276,Border,(I) (1997),7.9,"Action, Drama, History",176 min,"16,780","    Director:J.P. Dutta|     Stars:Sunny Deol, Suniel Shetty, Akshaye Khanna, Jackie Shroff"
277,Mission Mangal,-2019,6.5,"Drama, History",130 min,"16,730","    Director:Jagan Shakti|     Stars:Akshay Kumar, Vidya Balan, Taapsee Pannu, Sonakshi Sinha"
278,Ram Setu,-2022,5.2,"Action, Adventure",140 min,"16,673","    Director:Abhishek Sharma|     Stars:Akshay Kumar, Jacqueline Fernandez, Nushrratt Bharuccha, Nassar"
279,Section 375,-2019,8.1,"Crime, Drama, Mystery",124 min,"16,673","    Director:Ajay Bahl|     Stars:Akshaye Khanna, Richa Chadha, Rahul Bhat, Meera Chopra"
280,Karwaan,-2018,7.6,"Adventure, Comedy, Drama",114 min,"16,560","    Director:Akarsh Khurana|     Stars:Irrfan Khan, Dulquer Salmaan, Mithila Palkar, Amala Akkineni"
281,Love Aaj Kal,-2009,6.8,"Comedy, Drama, Romance",128 min,"16,539","    Director:Imtiaz Ali|     Stars:Saif Ali Khan, Deepika Padukone, Rishi Kapoor, Rahul Khanna"
282,The Big Bull,-2021,5.7,"Biography, Crime, Drama",153 min,"16,536","    Director:Kookie Gulati|     Stars:Abhishek Bachchan, Nikita Dutta, Ileana D'Cruz, Sanjeev Pandey"
283,October,(II) (2018),7.5,"Drama, Romance",115 min,"16,523","    Director:Shoojit Sircar|     Stars:Varun Dhawan, Banita Sandhu, Gitanjali Rao, Sahil Vedoliyaa"
284,Shaadi Mein Zaroor Aana,-2017,7.5,"Drama, Romance",137 min,"16,415","    Director:Ratnaa Sinha|     Stars:Rajkummar Rao, Kriti Kharbanda, K.K. Raina, Alka Amin"
285,Garam Masala,-2005,6.7,"Comedy, Romance",146 min,"16,396","    Director:Priyadarshan|     Stars:Akshay Kumar, John Abraham, Paresh Rawal, Rimi Sen"
286,Kalank,-2019,3.5,"Drama, Romance",166 min,"16,295","    Director:Abhishek Varman|     Stars:Alia Bhatt, Kiara Advani, Kriti Sanon, Varun Dhawan"
287,Lootera,(I) (2013),7.4,"Drama, Romance",136 min,"16,228","    Director:Vikramaditya Motwane|     Stars:Ranveer Singh, Sonakshi Sinha, Barun Chanda, Adil Hussain"
288,Khakee,-2004,7.4,"Action, Crime, Drama",174 min,"16,227","    Director:Rajkumar Santoshi|     Stars:Amitabh Bachchan, Akshay Kumar, Ajay Devgn, Aishwarya Rai Bachchan"
289,Attack,-2022,6.8,"Action, Sci-Fi, Thriller",121 min,"16,148","    Director:Lakshya Raj Anand|     Stars:John Abraham, Rakul Preet Singh, Jacqueline Fernandez, Prakash Raj"
290,Mujhse Shaadi Karogi,-2004,6.7,"Comedy, Romance",163 min,"16,134","    Director:David Dhawan|     Stars:Salman Khan, Akshay Kumar, Priyanka Chopra Jonas, Amrish Puri"
291,Tanu Weds Manu,-2011,6.8,"Comedy, Drama, Romance",119 min,"16,076","    Director:Aanand L. Rai|     Stars:Madhavan, Kangana Ranaut, Jimmy Shergill, Deepak Dobriyal"
292,Hungama,-2003,7.6,"Comedy, Drama, Romance",153 min,"16,063","    Director:Priyadarshan|     Stars:Akshaye Khanna, Aftab Shivdasani, Rimi Sen, Paresh Rawal"
293,Mr. India,-1987,7.7,"Action, Comedy, Drama",179 min,"16,015","    Director:Shekhar Kapur|     Stars:Anil Kapoor, Sridevi, Amrish Puri, Satish Kaushik"
294,Chalte Chalte,-2003,6.5,"Drama, Romance",167 min,"15,960","    Director:Aziz Mirza|     Stars:Shah Rukh Khan, Rani Mukerji, Jas Arora, Satish Shah"
295,Satyameva Jayate 2,-2021,4.1,"Action, Crime, Drama",138 min,"15,933","    Director:Milap Zaveri|     Stars:John Abraham, Divya Khosla Kumar, Harsh Chhaya, Gautami Kapoor"
296,Singh Is Kinng,-2008,5.7,"Action, Comedy, Crime",135 min,"15,880","    Director:Anees Bazmee|     Stars:Akshay Kumar, Katrina Kaif, Om Puri, Kirron Kher"
297,Kaho Naa... Pyaar Hai,-2000,6.9,"Action, Musical, Romance",172 min,"15,848","    Director:Rakesh Roshan|     Stars:Hrithik Roshan, Ameesha Patel, Anupam Kher, Dalip Tahil"
298,Manikarnika: The Queen of Jhansi,-2019,6.4,"Action, Biography, Drama",148 min,"15,838","    Directors:Radha Krishna Jagarlamudi, Kangana Ranaut|     Stars:Ahmad Harhash, Kangana Ranaut, Danny Denzongpa, Suresh Oberoi"
299,Company,-2002,8,"Action, Crime, Drama",142 min,"15,775","    Director:Ram Gopal Varma|     Stars:Ajay Devgn, Mohanlal, Manisha Koirala, Seema Biswas"
300,Hasee Toh Phasee,-2014,6.8,"Comedy, Romance",141 min,"15,743","    Director:Vinil Mathew|     Stars:Sidharth Malhotra, Parineeti Chopra, Adah Sharma, Manoj Joshi"
301,Satya,-1998,8.3,"Action, Crime, Drama",170 min,"15,715","    Director:Ram Gopal Varma|     Stars:J.D. Chakravarthi, Manoj Bajpayee, Urmila Matondkar, Paresh Rawal"
302,Pyaar Ka Punchnama 2,-2015,7.3,"Comedy, Drama, Romance",137 min,"15,660","    Director:Luv Ranjan|     Stars:Kartik Aaryan, Omkar Kapoor, Sunny Singh, Nushrratt Bharuccha"
303,Dostana,-2008,6.5,"Comedy, Drama, Romance",145 min,"15,606","    Directors:Tarun Mansukhani, Punit Malhotra|     Stars:Abhishek Bachchan, John Abraham, Priyanka Chopra Jonas, Kirron Kher"
304,Ajab Prem Ki Ghazab Kahani,-2009,6.4,"Action, Comedy, Musical",150 min,"15,590","    Director:Rajkumar Santoshi|     Stars:Ranbir Kapoor, Katrina Kaif, Darshan Jariwala, Smita Jaykar"
305,Gulaal,-2009,8,"Crime, Drama, Thriller",140 min,"15,404","    Director:Anurag Kashyap|     Stars:Kay Kay Menon, Raj Singh Chaudhary, Raja Chaudhary, Jesse Randhawa"
306,Pardes,-1997,6.9,"Drama, Musical, Romance",191 min,"15,369","    Director:Subhash Ghai|     Stars:Shah Rukh Khan, Mahima Chaudhry, Amrish Puri, Apurva Agnihotri"
307,Race,(I) (2008),6.6,"Action, Crime, Drama",149 min,"15,366","    Directors:Abbas Alibhai Burmawalla, Mastan Alibhai Burmawalla|     Stars:Saif Ali Khan, Akshaye Khanna, Bipasha Basu, Katrina Kaif"
308,HIT: The First Case,-2022,6.8,"Action, Crime, Drama",132 min,"15,354","    Director:Sailesh Kolanu|     Stars:Rajkummar Rao, Sanya Malhotra, Akhil Iyer, Jatin Goswami"
309,Raman Raghav 2.0,-2016,7.3,"Crime, Drama, Thriller",133 min,"15,353","    Director:Anurag Kashyap|     Stars:Nawazuddin Siddiqui, Vicky Kaushal, Sobhita Dhulipala, Mukesh Chhabra"
310,Shikara,-2020,3.3,"Drama, History, Romance",118 min,"15,346","    Director:Vidhu Vinod Chopra|     Stars:Sadia Khateeb, Aadil Khan, Zain Khan Durrani, Priyanshu Chatterjee"
311,Bala,-2019,7.3,Comedy,133 min,"15,312","    Director:Amar Kaushik|     Stars:Ayushmann Khurrana, Bhumi Pednekar, Yami Gautam, Saurabh Shukla"
312,Heyy Babyy,-2007,6,"Comedy, Drama",144 min,"15,258","    Director:Sajid Khan|     Stars:Akshay Kumar, Fardeen Khan, Riteish Deshmukh, Vidya Balan"
313,Housefull 2,-2012,5.3,"Action, Comedy, Drama",145 min,"15,213","    Director:Sajid Khan|     Stars:Akshay Kumar, John Abraham, Asin Thottumkal, Jacqueline Fernandez"
314,Bhediya,-2022,7.3,"Comedy, Horror, Thriller",156 min,"15,206","    Director:Amar Kaushik|     Stars:Varun Dhawan, Kriti Sanon, Abhishek Banerjee, Deepak Dobriyal"
315,Dream Girl,(III) (2019),7,"Comedy, Romance",132 min,"15,156","    Director:Raaj Shaandilyaa|     Stars:Ayushmann Khurrana, Nushrratt Bharuccha, Annu Kapoor, Manjot Singh"
316,Water,(I) (2005),7.7,Drama,117 min,"15,118","    Director:Deepa Mehta|     Stars:Lisa Ray, John Abraham, Seema Biswas, Sarala Kariyawasam"
317,Karan Arjun,-1995,6.8,"Action, Drama, Fantasy",175 min,"15,114","    Director:Rakesh Roshan|     Stars:Rakhee Gulzar, Salman Khan, Shah Rukh Khan, Amrish Puri"
318,Ek Villain Returns,-2022,4.4,"Action, Crime, Romance",129 min,"15,085","    Director:Mohit Suri|     Stars:John Abraham, Disha Patani, Arjun Kapoor, Tara Sutaria"
319,Housefull,-2010,5.5,"Comedy, Drama, Romance",144 min,"14,967","    Director:Sajid Khan|     Stars:Akshay Kumar, Deepika Padukone, Riteish Deshmukh, Lara Dutta"
320,The Girl on the Train,-2021,4,"Crime, Drama, Mystery",120 min,"14,789","    Director:Ribhu Dasgupta|     Stars:Parineeti Chopra, Aditi Rao Hydari, Kirti Kulhari, Rajiv Chabria"
321,AK vs AK,-2020,6.9,"Action, Comedy, Crime",108 min,"14,734","    Director:Vikramaditya Motwane|     Stars:Anil Kapoor, Anurag Kashyap, Sonam Kapoor, Harshvardhan Kapoor"
322,Hum Tum,-2004,7,"Comedy, Drama, Romance",143 min,"14,683","    Director:Kunal Kohli|     Stars:Saif Ali Khan, Rani Mukerji, Kirron Kher, Rati Agnihotri"
323,Sanam Teri Kasam,-2016,7.5,"Drama, Musical, Romance",154 min,"14,664","    Directors:Radhika Rao, Vinay Sapru|     Stars:Harshvardhan Rane, Mawra Hocane, Vijay Raaz, Murli Sharma"
324,Chandigarh Kare Aashiqui,-2021,6.8,"Comedy, Crime, Drama",117 min,"14,636","    Director:Abhishek Kapoor|     Stars:Ayushmann Khurrana, Vaani Kapoor, Yograj Singh, Anjan Srivastav"
325,Asoka,-2001,6.4,"Action, Biography, Drama",180 min,"14,596","    Director:Santosh Sivan|     Stars:Shah Rukh Khan, Kareena Kapoor, Danny Denzongpa, Hrishitaa Bhatt"
326,Madaari,-2016,7.6,"Drama, Thriller",133 min,"14,587","    Director:Nishikant Kamat|     Stars:Irrfan Khan, Jimmy Shergill, Vishesh Bansal, Tushar Dalvi"
327,Kedarnath,-2018,6.7,"Drama, Romance",116 min,"14,580","    Director:Abhishek Kapoor|     Stars:Sushant Singh Rajput, Sara Ali Khan, Nitish Bharadwaj, Alka Amin"
328,Cocktail,-2012,6.3,"Comedy, Drama, Romance",146 min,"14,514","    Director:Homi Adajania|     Stars:Saif Ali Khan, Deepika Padukone, Diana Penty, Dimple Kapadia"
329,Go Goa Gone,-2013,6.6,"Action, Adventure, Comedy",108 min,"14,474","    Directors:Krishna D.K., Raj Nidimoru|     Stars:Saif Ali Khan, Kunal Kemmu, Vir Das, Anand Tiwari"
330,Desi Boyz,-2011,5.7,"Comedy, Drama, Romance",122 min,"14,428","    Director:Rohit Dhawan|     Stars:Akshay Kumar, John Abraham, Deepika Padukone, Chitrangda Singh"
331,Jaane Bhi Do Yaaro,-1983,8.3,"Comedy, Crime, Drama",132 min,"14,375","    Director:Kundan Shah|     Stars:Naseeruddin Shah, Ravi Baswani, Bhakti Barve, Satish Shah"
332,Khuda Haafiz Chapter II: Agni Pariksha,-2022,7.5,"Action, Crime, Drama",144 min,"14,361","    Director:Faruk Kabir|     Stars:Vidyut Jammwal, Shivaleeka Oberoi, Dibyendu Bhattacharya, Sheeba Chaddha"
333,Gold,(I) (2018),7.3,"Drama, History, Sport",151 min,"14,359","    Director:Reema Kagti|     Stars:Akshay Kumar, Mouni Roy, Kunal Kapoor, Amit Sadh"
334,Vaastav: The Reality,-1999,8,"Action, Crime, Drama",145 min,"14,281","    Director:Mahesh Manjrekar|     Stars:Sanjay Dutt, Namrata Shirodkar, Reema Lagoo, Shivaji Satam"
335,Bhagam Bhag,-2006,6.6,"Comedy, Drama, Mystery",157 min,"14,048","    Director:Priyadarshan|     Stars:Akshay Kumar, Govinda, Paresh Rawal, Lara Dutta"
336,The Ghazi Attack,-2017,7.5,"Action, Thriller, War",116 min,"14,031","    Director:Sankalp Reddy|     Stars:Rana Daggubati, Kay Kay Menon, Atul Kulkarni, Om Puri"
337,Yes Boss,-1997,6.7,"Comedy, Drama, Musical",163 min,"13,736","    Director:Aziz Mirza|     Stars:Shah Rukh Khan, Juhi Chawla, Aditya Pancholi, Kashmira Shah"
338,Paheli,-2005,6.4,"Comedy, Drama, Fantasy",140 min,"13,702","    Director:Amol Palekar|     Stars:Shah Rukh Khan, Rani Mukerji, Anupam Kher, Naseeruddin Shah"
339,Aankhen,-2002,7.4,"Crime, Drama, Thriller",165 min,"13,616","    Director:Vipul Amrutlal Shah|     Stars:Amitabh Bachchan, Akshay Kumar, Sushmita Sen, Arjun Rampal"
340,Jersey,-2022,7.3,"Drama, Sport",170 min,"13,592","    Director:Gowtam Tinnanuri|     Stars:Shahid Kapoor, Mrunal Thakur, Pankaj Kapur, Prit Kamani"
341,NH10,-2015,7.2,"Action, Crime, Drama",115 min,"13,590","    Director:Navdeep Singh|     Stars:Anushka Sharma, Neil Bhoopalam, Darshan Kumaar, Deepti Naval"
342,Housefull 4,-2019,3.5,"Action, Comedy, Drama",145 min,"13,475","    Director:Farhad Samji|     Stars:Akshay Kumar, Riteish Deshmukh, Bobby Deol, Kriti Sanon"
343,Humpty Sharma Ki Dulhania,-2014,6,"Comedy, Drama, Romance",133 min,"13,465","    Director:Shashank Khaitan|     Stars:Varun Dhawan, Alia Bhatt, Ashutosh Rana, Sidharth Shukla"
344,Brothers,(I) (2015),6.4,"Action, Drama, Sport",156 min,"13,448","    Director:Karan Malhotra|     Stars:Akshay Kumar, Sidharth Malhotra, Jackie Shroff, Jacqueline Fernandez"
345,Dhobi Ghat,-2010,7,Drama,100 min,"13,444","    Director:Kiran Rao|     Stars:Prateik Babbar, Monica Dogra, Kriti Malhotra, Aamir Khan"
346,Tees Maar Khan,-2010,2.6,"Comedy, Crime",135 min,"13,361","    Director:Farah Khan|     Stars:Akshay Kumar, Katrina Kaif, Akshaye Khanna, Rajiv Laxman"
347,Table No.21,-2013,7.2,"Adventure, Drama, Thriller",108 min,"13,358","    Director:Aditya Datt|     Stars:Paresh Rawal, Rajeev Khandelwal, Tina Desai, Dhruv Ganesh"
348,Ittefaq,-2017,7.2,"Crime, Mystery, Thriller",105 min,"13,353","    Director:Abhay Chopra|     Stars:Sidharth Malhotra, Sonakshi Sinha, Akshaye Khanna, Mandira Bedi"
349,Te3n,-2016,7.2,"Drama, Mystery, Thriller",136 min,"13,352","    Director:Ribhu Dasgupta|     Stars:Amitabh Bachchan, Nawazuddin Siddiqui, Vidya Balan, Mukesh Chhabra"
350,Chachi 420,-1997,7.4,"Comedy, Drama, Family",155 min,"13,337","    Director:Kamal Haasan|     Stars:Kamal Haasan, Amrish Puri, Om Puri, Tabu"
351,Gulabo Sitabo,-2020,6.3,"Comedy, Drama",124 min,"13,178","    Director:Shoojit Sircar|     Stars:Amitabh Bachchan, Ayushmann Khurrana, Vijay Raaz, Brijendra Kala"
352,Trapped,(XVII) (2016),7.5,"Drama, Thriller",105 min,"13,177","    Director:Vikramaditya Motwane|     Stars:Rajkummar Rao, Geetanjali Thapa, Shiladitya Sen, Rahul Patel"
353,Baaghi 3,-2020,2.1,"Action, Adventure, Thriller",143 min,"13,072","    Director:Ahmed Khan|     Stars:Ahmad Harhash, Tiger Shroff, Riteish Deshmukh, Shraddha Kapoor"
354,Veere Di Wedding,-2018,3.3,Comedy,135 min,"13,065","    Director:Shashanka Ghosh|     Stars:Kareena Kapoor, Sonam Kapoor, Swara Bhasker, Shikha Talsania"
355,Mardaani,-2014,7.3,"Action, Crime, Drama",113 min,"13,052","    Director:Pradeep Sarkar|     Stars:Rani Mukerji, Jisshu Sengupta, Anant Vidhaat, Mona Ambegaonkar"
356,Hichki,-2018,7.5,"Comedy, Drama",116 min,"13,045","    Director:Malhotra P. Siddharth|     Stars:Rani Mukerji, Neeraj Kabi, Rohit Saraf, Supriya Pilgaonkar"
357,Bulbbul,-2020,6.5,"Drama, Horror, Mystery",94 min,"12,980","    Director:Anvita Dutt|     Stars:Triptii Dimri, Avinash Tiwary, Rahul Bose, Parambrata Chattopadhyay"
358,Partner,-2007,5.8,"Comedy, Drama, Romance",155 min,"12,918","    Director:David Dhawan|     Stars:Salman Khan, Govinda, Lara Dutta, Katrina Kaif"
359,Chupke Chupke,-1975,8.3,"Comedy, Drama, Romance",146 min,"12,854","    Director:Hrishikesh Mukherjee|     Stars:Dharmendra, Sharmila Tagore, Amitabh Bachchan, Jaya Bachchan"
360,Badrinath Ki Dulhania,-2017,6.1,"Comedy, Drama, Romance",139 min,"12,845","    Director:Shashank Khaitan|     Stars:Varun Dhawan, Alia Bhatt, Sahil Vaid, Swanand Kirkire"
361,Fashion,-2008,6.9,"Drama, Romance",167 min,"12,809","    Director:Madhur Bhandarkar|     Stars:Priyanka Chopra Jonas, Kangana Ranaut, Mugdha Godse, Arbaaz Khan"
362,Karthik Calling Karthik,-2010,7.1,"Drama, Mystery, Romance",135 min,"12,749","    Director:Vijay Lalwani|     Stars:Farhan Akhtar, Deepika Padukone, Ram Kapoor, Shefali Shah"
363,Johnny Gaddaar,-2007,7.9,"Crime, Drama, Mystery",135 min,"12,707","    Director:Sriram Raghavan|     Stars:Dharmendra, Rimi Sen, Ashwini Kalsekar, Neil Nitin Mukesh"
364,Miss Lovely,-2012,7.6,"Crime, Drama, Romance",113 min,"12,704","    Director:Ashim Ahluwalia|     Stars:Nawazuddin Siddiqui, Niharika Singh, Anil George, Zeena Bhatia"
365,Maine Pyar Kiya,-1989,7.3,"Drama, Musical, Romance",192 min,"12,678","    Director:Sooraj R. Barjatya|     Stars:Salman Khan, Bhagyashree Patwardhan, Alok Nath, Rajeev Verma"
366,Billu,-2009,6.3,"Comedy, Drama",137 min,"12,511","    Director:Priyadarshan|     Stars:Irrfan Khan, Lara Dutta, Om Puri, Govardhan Asrani"
367,Don,-1978,7.7,"Action, Crime, Thriller",175 min,"12,504","    Director:Chandra Barot|     Stars:Amitabh Bachchan, Zeenat Aman, Pran Sikand, Iftekhar"
368,Peepli [Live],-2010,7.4,"Comedy, Drama",95 min,"12,502","    Directors:Anusha Rizvi, Mahmood Farooqui|     Stars:Onkar Das Manikpuri, Raghuvir Yadav, Shalini Vatsa, Farrukh Jaffar"
369,Luka Chuppi,(I) (2019),6.3,"Comedy, Romance",126 min,"12,441","    Director:Laxman Utekar|     Stars:Kartik Aaryan, Kriti Sanon, Aparshakti Khurana, Pankaj Tripathi"
370,Rashmi Rocket,-2021,6.9,"Drama, Sport",129 min,"12,421","    Director:Akarsh Khurana|     Stars:Taapsee Pannu, Priyanshu Painyuli, Abhishek Banerjee, Supriya Pathak"
371,Life in a Metro,-2007,7.4,"Comedy, Drama, Romance",132 min,"12,389","    Director:Anurag Basu|     Stars:Dharmendra, Irrfan Khan, Konkona Sen Sharma, Kay Kay Menon"
372,Paa,-2009,7.1,"Comedy, Drama",133 min,"12,327","    Director:R. Balki|     Stars:Amitabh Bachchan, Abhishek Bachchan, Vidya Balan, Paresh Rawal"
373,No Entry,-2005,6.6,"Comedy, Drama, Musical",158 min,"12,326","    Director:Anees Bazmee|     Stars:Salman Khan, Anil Kapoor, Fardeen Khan, Bipasha Basu"
374,Fukrey,-2013,6.9,"Comedy, Drama, Romance",139 min,"12,318","    Director:Mrighdeep Lamba|     Stars:Pulkit Samrat, Manjot Singh, Ali Fazal, Varun Sharma"
375,Sonchiriya,-2019,7.9,"Action, Crime, Drama",143 min,"12,278","    Director:Abhishek Chaubey|     Stars:Sushant Singh Rajput, Bhumi Pednekar, Ashutosh Rana, Ranvir Shorey"
376,Gadar: Ek Prem Katha,-2001,7.3,"Action, Drama, Romance",170 min,"12,266","    Director:Anil Sharma|     Stars:Sunny Deol, Ameesha Patel, Amrish Puri, Lillete Dubey"
377,Mohenjo Daro,-2016,5.6,"Action, Adventure, Drama",155 min,"12,230","    Director:Ashutosh Gowariker|     Stars:Hrithik Roshan, Pooja Hegde, Kabir Bedi, Arunoday Singh"
378,Batla House,-2019,7.2,"Action, Crime, Drama",146 min,"12,194","    Director:Nikkhil Advani|     Stars:John Abraham, Nora Fatehi, Mrunal Thakur, Rajesh Sharma"
379,Ankhon Dekhi,-2013,7.9,"Comedy, Drama",107 min,"12,073","    Director:Rajat Kapoor|     Stars:Sanjay Mishra, Abhinay Raj Singh, Seema Pahwa, Rajat Kapoor"
380,No One Killed Jessica,-2011,7.2,"Biography, Crime, Drama",136 min,"12,058","    Director:Raj Kumar Gupta|     Stars:Rani Mukerji, Vidya Balan, Myra Karn, Neil Bhoopalam"
381,Bheja Fry,-2007,7.6,"Comedy, Drama",95 min,"12,028","    Director:Sagar Ballary|     Stars:Vinay Pathak, Rajat Kapoor, Sarika Thakur, Milind Soman"
382,Bachna Ae Haseeno,-2008,6.2,"Comedy, Drama, Romance",152 min,"11,959","    Director:Siddharth Anand|     Stars:Ranbir Kapoor, Deepika Padukone, Bipasha Basu, Minissha Lamba"
383,Selfiee,-2023,5.9,"Action, Comedy, Drama",148 min,"11,862","    Director:Raj Mehta|     Stars:Adah Sharma, Akshay Kumar, Nushrratt Bharuccha, Mrunal Thakur"
384,Dhaakad,-2022,3.9,"Action, Thriller",135 min,"11,833","    Director:Razneesh Ghai|     Stars:Kangana Ranaut, Arjun Rampal, Sharib Hashmi, Divya Dutta"
385,New York,-2009,6.8,"Crime, Drama, Thriller",153 min,"11,827","    Director:Kabir Khan|     Stars:John Abraham, Katrina Kaif, Neil Nitin Mukesh, Irrfan Khan"
386,Chup Chup Ke,-2006,6.9,"Comedy, Drama, Romance",164 min,"11,697","    Directors:Priyadarshan, Kookie Gulati|     Stars:Shahid Kapoor, Kareena Kapoor, Om Puri, Paresh Rawal"
387,Ghulam,-1998,7.2,"Action, Crime, Drama",162 min,"11,672","    Director:Vikram Bhatt|     Stars:Aamir Khan, Rani Mukerji, Rajit Kapoor, Mita Vashisht"
388,Dhokha: Round D Corner,-2022,6.2,"Crime, Drama, Thriller",122 min,"11,647","    Director:Kookie Gulati|     Stars:Madhavan, Khushali Kumar, Aparshakti Khurana, Darshan Kumaar"
389,Khatta Meetha,-2010,5.9,"Comedy, Crime, Drama",157 min,"11,628","    Director:Priyadarshan|     Stars:Akshay Kumar, Trisha Krishnan, Kulbhushan Kharbanda, Aruna Irani"
390,Doragon bôru sûpâ: Sûpâ hîrô,-2022,7.1,"Animation, Action, Adventure",100 min,"11,616","    Director:Tetsuro Kodama|     Stars:Masako Nozawa, Aya Hisakawa, Ryô Horikawa, Takeshi Kusao"
391,Thank God,-2022,5.6,"Comedy, Fantasy",121 min,"11,501","    Director:Indra Kumar|     Stars:Sidharth Malhotra, Ajay Devgn, Rakul Preet Singh, Mahesh Balraj"
392,Boss,(I) (2013),5.1,"Action, Comedy, Crime",143 min,"11,492","    Director:Anthony D'Souza|     Stars:Akshay Kumar, Shiv Panditt, Mithun Chakraborty, Ronit Roy"
393,Aamir,-2008,7.6,"Action, Crime, Drama",99 min,"11,423","    Director:Raj Kumar Gupta|     Stars:Rajeev Khandelwal, Mukesh Agrohari, Supavitra Babul, Vasan Bala"
394,Sherni,-2021,6.8,"Action, Adventure, Drama",131 min,"11,357","    Director:Amit Masurkar|     Stars:Vidya Balan, Vijay Raaz, Sharat Saxena, Neeraj Kabi"
395,Deewaar,-1975,8,"Action, Crime, Drama",174 min,"11,353","    Director:Yash Chopra|     Stars:Amitabh Bachchan, Shashi Kapoor, Nirupa Roy, Parveen Babi"
396,Lust Stories,-2018,6.4,"Drama, Romance",120 min,"11,344","    Directors:Zoya Akhtar, Dibakar Banerjee, Karan Johar, Anurag Kashyap|     Stars:Radhika Apte, Akash Thosar, Kiara Advani, Randeep Jha"
397,MSG: The Messenger of God,-2015,6,"Action, Comedy, Drama",197 min,"11,319","    Directors:Jeetu Arora, Gurmeet Ram Rahim Singh|     Stars:Gurmeet Ram Rahim Singh, Daniel Kaleb, Flora Saini, Jayshree Soni"
398,Maqbool,-2003,8,"Crime, Drama, Thriller",132 min,"11,308","    Director:Vishal Bhardwaj|     Stars:Irrfan Khan, Tabu, Pankaj Kapur, Naseeruddin Shah"
399,Ishq,-1997,6.8,"Action, Comedy, Drama",161 min,"11,280","    Director:Indra Kumar|     Stars:Aamir Khan, Ajay Devgn, Juhi Chawla, Kajol"
400,Malang - Unleash the Madness,-2020,6.5,"Action, Crime, Drama",135 min,"11,270","    Director:Mohit Suri|     Stars:Aditya Roy Kapoor, Anil Kapoor, Disha Patani, Kunal Kemmu"
401,Baaghi 2,-2018,4.8,"Action, Crime, Drama",137 min,"11,218","    Director:Ahmed Khan|     Stars:Disha Patani, Jacqueline Fernandez, Tiger Shroff, Randeep Hooda"
402,Judwaa 2,-2017,3.6,"Action, Comedy",145 min,"11,202","    Director:David Dhawan|     Stars:Varun Dhawan, Abhinay Raj Singh, Jacqueline Fernandez, Taapsee Pannu"
403,Mom,(I) (2017),7.2,"Crime, Drama, Thriller",146 min,"11,173","    Director:Ravi Udyawar|     Stars:Abhinay Raj Singh, Sridevi, Sajal Ali, Akshaye Khanna"
404,Blackmail,(I) (2018),7.1,"Comedy, Thriller",138 min,"11,133","    Director:Abhinay Deo|     Stars:Irrfan Khan, Kirti Kulhari, Urmila Matondkar, Divya Dutta"
405,Qayamat Se Qayamat Tak,-1988,7.4,"Drama, Musical, Romance",162 min,"11,116","    Director:Mansoor Khan|     Stars:Aamir Khan, Juhi Chawla, Goga Kapoor, Dalip Tahil"
406,Mary Kom,-2014,6.8,"Action, Biography, Drama",122 min,"11,101","    Director:Omung Kumar|     Stars:Priyanka Chopra Jonas, Sunil Thapa, Robin Das, Rajni Basumatary"
407,Love Hostel,-2022,5.9,"Action, Crime, Romance",100 min,"11,067","    Director:Shanker Raman|     Stars:Bobby Deol, Vikrant Massey, Sanya Malhotra, Raj Arjun"
408,Jaadugar,-2022,6.9,"Comedy, Drama, Fantasy",167 min,"11,028","    Director:Sameer Saxena|     Stars:Jitendra Kumar, Arushi Sharma, Jaaved Jaaferi, Raksha Panwar"
409,Shivaay,-2016,6.1,"Action, Adventure, Crime",153 min,"10,960","    Director:Ajay Devgn|     Stars:Ajay Devgn, Abigail Eames, Erika Kaar, Sayyeshaa Saigal"
410,Jagga Jasoos,-2017,6.3,"Action, Adventure, Comedy",161 min,"10,895","    Directors:Anurag Basu, Shubzz|     Stars:Ranbir Kapoor, Katrina Kaif, Saswata Chatterjee, Chitrak Bandyopadhyay"
411,Sharmaji Namkeen,-2022,7.6,"Comedy, Drama, Family",119 min,"10,820","    Director:Hitesh Bhatia|     Stars:Rishi Kapoor, Paresh Rawal, Juhi Chawla, Isha Talwar"
412,Kaun Pravin Tambe?,-2022,8.4,"Biography, Drama, Sport",134 min,"10,777","    Director:Jayprad Desai|     Stars:Shreyas Talpade, Gaurav Kamble, Arif Zakaria, Asif Ali"
413,Chaman Bahaar,-2020,6.9,"Comedy, Drama",111 min,"10,754","    Director:Apurva Dhar Badgaiyann|     Stars:Jitendra Kumar, Ritika Badiani, Bhuvan Arora, Dherendra Kumar Tiwari"
414,Gunda,-1998,7.3,"Action, Comedy, Crime",129 min,"10,747","    Director:Kanti Shah|     Stars:Mithun Chakraborty, Mukesh Rishi, Mohan Joshi, Shakti Kapoor"
415,Shubh Mangal Saavdhan,-2017,6.9,"Comedy, Romance",119 min,"10,660","    Director:R.S. Prasanna|     Stars:Ayushmann Khurrana, Bhumi Pednekar, Seema Pahwa, Anshul Chauhan"
416,Tere Bin Laden,-2010,7.2,"Comedy, Drama",95 min,"10,660","    Director:Abhishek Sharma|     Stars:Ali Zafar, Pradhuman Singh, Piyush Mishra, Nikhil Ratnaparkhi"
417,Sanak,-2021,6.7,"Action, Thriller",116 min,"10,645","    Director:Kanishk Varma|     Stars:Vidyut Jammwal, Neha Dhupia, Chandan Roy Sanyal, Rukmini Maitra"
418,Luck by Chance,-2009,7.1,Drama,156 min,"10,598","    Director:Zoya Akhtar|     Stars:Farhan Akhtar, Konkona Sen Sharma, Rishi Kapoor, Dimple Kapadia"
419,Aitraaz,-2004,6.6,"Drama, Romance, Thriller",160 min,"10,590","    Directors:Abbas Alibhai Burmawalla, Mastan Alibhai Burmawalla|     Stars:Akshay Kumar, Kareena Kapoor, Priyanka Chopra Jonas, Amrish Puri"
420,Josh,-2000,6.1,"Action, Drama, Musical",162 min,"10,568","    Director:Mansoor Khan|     Stars:Shah Rukh Khan, Aishwarya Rai Bachchan, Chandrachur Singh, Sharad S. Kapoor"
421,Shootout at Lokhandwala,-2007,7.1,"Action, Crime, History",122 min,"10,546","    Director:Apoorva Lakhia|     Stars:Amitabh Bachchan, Sanjay Dutt, Suniel Shetty, Arbaaz Khan"
422,Roohi,-2021,4.3,"Comedy, Horror",134 min,"10,525","    Director:Hardik Mehta|     Stars:Rajkummar Rao, Varun Sharma, Janhvi Kapoor, Alexx O'Nell"
423,Chhatriwali,-2023,6.9,"Comedy, Drama",116 min,"10,470","    Director:Tejas Prabhaa Vijay Deoskar|     Stars:Rakul Preet Singh, Satish Kaushik, Sumeet Vyas, Riva Arora"
424,Phone Bhoot,-2022,5.3,"Comedy, Horror",136 min,"10,437","    Director:Gurmmeet Singh|     Stars:Katrina Kaif, Ishaan Khattar, Siddhant Chaturvedi, Jackie Shroff"
425,Taxi No. 9 2 11: Nau Do Gyarah,-2006,7.3,"Comedy, Drama, Thriller",116 min,"10,342","    Director:Milan Luthria|     Stars:John Abraham, Nana Patekar, Sonali Kulkarni, Sameera Reddy"
426,Shanghai,-2012,7.3,"Crime, Drama, Mystery",120 min,"10,339","    Director:Dibakar Banerjee|     Stars:Abhay Deol, Emraan Hashmi, Kalki Koechlin, Prasenjit Chatterjee"
427,Vivah,-2006,6.6,"Drama, Musical, Romance",160 min,"10,330","    Director:Sooraj R. Barjatya|     Stars:Shahid Kapoor, Amrita Rao, Anupam Kher, Alok Nath"
428,Bhootnath,-2008,6.3,"Comedy, Drama, Family",150 min,"10,317","    Director:Vivek Sharma|     Stars:Amitabh Bachchan, Abhinay Raj Singh, Juhi Chawla, Satish Shah"
429,Mangal Pandey: The Rising,-2005,6.5,"Biography, Drama, History",150 min,"10,292","    Director:Ketan Mehta|     Stars:Aamir Khan, Rani Mukerji, Toby Stephens, Coral Beed"
430,Dhadak,-2018,4.5,"Drama, Romance",138 min,"10,236","    Director:Shashank Khaitan|     Stars:Janhvi Kapoor, Ishaan Khattar, Ashutosh Rana, Aditya Kumar"
431,Mili,-2022,6.7,"Drama, Thriller",127 min,"10,216","    Director:Mathukutty Xavier|     Stars:Janhvi Kapoor, Manoj Pahwa, Sunny Kaushal, Deepak Simwal"
432,Ladies vs. Ricky Bahl,-2011,6,"Comedy, Crime, Drama",140 min,"10,210","    Director:Maneesh Sharma|     Stars:Ranveer Singh, Anushka Sharma, Parineeti Chopra, Dipannita Sharma"
433,Rangeela,-1995,7.4,"Comedy, Drama, Musical",142 min,"10,122","    Director:Ram Gopal Varma|     Stars:Aamir Khan, Urmila Matondkar, Jackie Shroff, Gulshan Grover"
434,Housefull 3,-2016,4.9,"Action, Comedy, Romance",140 min,"10,100","    Directors:Sajid, Farhad Samji|     Stars:Akshay Kumar, Abhishek Bachchan, Riteish Deshmukh, Jackie Shroff"
435,D-Day,(I) (2013),7.2,"Action, Thriller",153 min,"10,090","    Director:Nikkhil Advani|     Stars:Irrfan Khan, Rishi Kapoor, Arjun Rampal, Shruti Haasan"
436,Heropanti,-2014,5.2,"Action, Romance",146 min,"10,070","    Director:Sabir Khan|     Stars:Tiger Shroff, Kriti Sanon, Parthaa Akerkar, Sunil Grover"
437,Son of Sardaar,-2012,4.2,"Action, Comedy, Romance",141 min,"10,053","    Directors:Ashwani Dhir, Anil Devgan|     Stars:Ajay Devgn, Sanjay Dutt, Sonakshi Sinha, Juhi Chawla"
438,The Dirty Picture,-2011,6.6,"Biography, Comedy, Drama",144 min,"10,044","    Director:Milan Luthria|     Stars:Vidya Balan, Emraan Hashmi, Tusshar Kapoor, Naseeruddin Shah"
439,Love Aaj Kal,-2020,4.6,"Drama, Romance",142 min,"10,017","    Director:Imtiaz Ali|     Stars:Kartik Aaryan, Sara Ali Khan, Randeep Hooda, Sonu Saini"
440,Shubh Mangal Zyada Saavdhan,-2020,5.8,"Comedy, Crime, Romance",117 min,"10,014","    Director:Hitesh Kewalya|     Stars:Ayushmann Khurrana, Jitendra Kumar, Gajraj Rao, Neena Gupta"
441,Kuttey,-2023,5.6,"Action, Comedy, Crime",109 min,"10,002","    Director:Aasmaan Bhardwaj|     Stars:Tabu, Arjun Kapoor, Naseeruddin Shah, Konkona Sen Sharma"
442,Shuddh Desi Romance,-2013,5.8,"Comedy, Drama, Romance",141 min,"9,996","    Director:Maneesh Sharma|     Stars:Sushant Singh Rajput, Parineeti Chopra, Rishi Kapoor, Vaani Kapoor"
443,Golmaal Again,-2017,4.9,"Action, Comedy, Fantasy",140 min,"9,970","    Director:Rohit Shetty|     Stars:Ajay Devgn, Arshad Warsi, Tabu, Shreyas Talpade"
444,Waqt: The Race Against Time,-2005,6.7,"Comedy, Drama, Family",153 min,"9,937","    Director:Vipul Amrutlal Shah|     Stars:Amitabh Bachchan, Akshay Kumar, Priyanka Chopra Jonas, Shefali Shah"
445,Mardaani 2,-2019,7.3,"Action, Crime, Drama",103 min,"9,837","    Director:Gopi Puthran|     Stars:Rani Mukerji, Rajesh Sharma, Shruti Bapna, Sunny Hinduja"
446,Khaali Peeli,-2020,2.5,"Action, Comedy, Romance",119 min,"9,789","    Director:Maqbool Khan|     Stars:Ishaan Khattar, Ananya Panday, Sayeem Afran, Jaideep Ahlawat"
447,Mere Brother Ki Dulhan,-2011,5.9,"Comedy, Drama, Family",139 min,"9,771","    Director:Ali Abbas Zafar|     Stars:Imran Khan, Katrina Kaif, Ali Zafar, Tara D'Souza"
448,Salaam Bombay!,-1988,7.9,"Crime, Drama",113 min,"9,760","    Director:Mira Nair|     Stars:Shafiq Syed, Anjaan, Amrit Patel, Murari Sharma"
449,Mumbai Saga,-2021,5.9,"Action, Crime",135 min,"9,760","    Director:Sanjay Gupta|     Stars:John Abraham, Emraan Hashmi, Mahesh Manjrekar, Suniel Shetty"
450,Pagglait,-2021,6.9,"Comedy, Drama",114 min,"9,754","    Director:Umesh Bist|     Stars:Sanya Malhotra, Sayani Gupta, Sheeba Chaddha, Ashutosh Rana"
451,Bhavesh Joshi Superhero,-2018,7.6,"Action, Crime, Drama",154 min,"9,602","    Director:Vikramaditya Motwane|     Stars:Harshvardhan Kapoor, Priyanshu Painyuli, Ashish Verma, Shreiyah Sabharwal"
452,Phantom,(I) (2015),5.9,"Action, Drama, Thriller",136 min,"9,598","    Director:Kabir Khan|     Stars:Saif Ali Khan, Katrina Kaif, Sabyasachi Chakrabarty, Rajesh Tailang"
453,Mother India,-1957,7.8,"Action, Comedy, Drama",172 min,"9,580","    Director:Mehboob Khan|     Stars:Nargis, Sunil Dutt, Rajendra Kumar Tuli, Raaj Kumar"
454,Baaghi,-2016,5.3,"Action, Romance, Thriller",133 min,"9,564","    Director:Sabir Khan|     Stars:Tiger Shroff, Shraddha Kapoor, Sudheer Babu Posani, Shifuji Shaurya Bharadwaj"
455,Shakuntala Devi,-2020,6.1,"Biography, Drama",127 min,"9,534","    Director:Anu Menon|     Stars:Vidya Balan, Adi Chugh, Sanya Malhotra, Jisshu Sengupta"
456,State of Siege: Temple Attack,-2021,7.7,"Action, Thriller",110 min,"9,485","    Director:Ken Ghosh|     Stars:Akshaye Khanna, Gautam Rode, Vivek Dahiya, Abhimanyu Singh"
457,De Dana Dan,-2009,5.7,"Action, Comedy, Crime",162 min,"9,457","    Director:Priyadarshan|     Stars:Akshay Kumar, Suniel Shetty, Katrina Kaif, Sameera Reddy"
458,Ramayana: The Legend of Prince Rama,-1993,9.2,"Animation, Action, Adventure",97 min,"9,445","    Directors:Ram Mohan, Yûgô Sakô, Koichi Saski|     Stars:Bryan Cranston, Arun Govil, Nikhil Kapoor, Edie Mirman"
459,Bol Bachchan,-2012,5.6,"Action, Comedy",155 min,"9,423","    Director:Rohit Shetty|     Stars:Ajay Devgn, Amitabh Bachchan, Abhishek Bachchan, Asin Thottumkal"
460,Parineeta,-2005,7.2,"Drama, Musical, Romance",130 min,"9,404","    Director:Pradeep Sarkar|     Stars:Vidya Balan, Saif Ali Khan, Sanjay Dutt, Dia Mirza"
461,Koyla,-1997,6.2,"Action, Drama, Musical",166 min,"9,389","    Director:Rakesh Roshan|     Stars:Shah Rukh Khan, Madhuri Dixit, Amrish Puri, Ranjeet Bedi"
462,Main Tera Hero,-2014,5.1,"Action, Comedy, Romance",128 min,"9,358","    Director:David Dhawan|     Stars:Varun Dhawan, Ileana D'Cruz, Nargis Fakhri, Arunoday Singh"
463,Patiala House,-2011,5.6,"Drama, Sport",140 min,"9,314","    Director:Nikkhil Advani|     Stars:Rishi Kapoor, Dimple Kapadia, Akshay Kumar, Anushka Sharma"
464,Singham Returns,-2014,5.7,"Action, Crime, Drama",142 min,"9,304","    Director:Rohit Shetty|     Stars:Ajay Devgn, Kareena Kapoor, Amole Gupte, Anupam Kher"
465,Agneepath,-1990,7.6,"Action, Crime, Drama",174 min,"9,206","    Director:Mukul Anand|     Stars:Amitabh Bachchan, Mithun Chakraborty, Madhavi, Neelam Kothari"
466,Kaagaz,-2021,7.3,"Biography, Comedy, Drama",109 min,"9,156","    Director:Satish Kaushik|     Stars:Pankaj Tripathi, Monal Gajjar, Mita Vashisht, Amar Upadhyay"
467,Govinda Naam Mera,-2022,6.5,"Comedy, Crime, Drama",131 min,"9,131","    Director:Shashank Khaitan|     Stars:Vicky Kaushal, Kiara Advani, Bhumi Pednekar, Renuka Shahane"
468,Yuva,-2004,7.3,"Action, Drama, Thriller",161 min,"9,128","    Director:Mani Ratnam|     Stars:Ajay Devgn, Abhishek Bachchan, Rani Mukerji, Vivek Oberoi"
469,India Lockdown,-2022,7.4,"Adventure, Drama",117 min,"9,123","    Director:Madhur Bhandarkar|     Stars:Prateik Babbar, Sai Tamhankar, Shweta Basu Prasad, Prakash Belawadi"
470,Goodbye,(I) (2022),6.8,"Comedy, Drama, Family",130 min,"9,114","    Director:Vikas Bahl|     Stars:Amitabh Bachchan, Neena Gupta, Rashmika Mandanna, Pavail Gulati"
471,Hum Saath-Saath Hain,-1999,6.3,"Drama, Musical",177 min,"9,114","    Director:Sooraj R. Barjatya|     Stars:Mohnish Behl, Salman Khan, Saif Ali Khan, Tabu"
472,The Sky Is Pink,-2019,7.6,"Drama, Romance",143 min,"9,112","    Director:Shonali Bose|     Stars:Priyanka Chopra Jonas, Farhan Akhtar, Zaira Wasim, Rohit Saraf"
473,Ab Tak Chhappan,-2004,7.8,"Action, Crime, Drama",129 min,"9,069","    Director:Shimit Amin|     Stars:Nana Patekar, Revathi, Yashpal Sharma, Mohan Agashe"
474,Entertainment,-2014,4.5,"Action, Comedy, Drama",140 min,"9,059","    Directors:Sajid, Farhad Samji|     Stars:Akshay Kumar, Tamannaah Bhatia, Junior, Krishna Abhishek"
475,Chandni Chowk to China,-2009,4.2,"Action, Adventure, Comedy",154 min,"9,012","    Director:Nikkhil Advani|     Stars:Akshay Kumar, Deepika Padukone, Chia-Hui Liu, Mithun Chakraborty"
476,Golmaal 3,-2010,5.6,"Action, Comedy, Drama",155 min,"9,004","    Director:Rohit Shetty|     Stars:Mithun Chakraborty, Ajay Devgn, Kareena Kapoor, Tusshar Kapoor"
477,Ajnabee,-2001,6.3,"Action, Crime, Drama",165 min,"8,900","    Directors:Abbas Alibhai Burmawalla, Mastan Alibhai Burmawalla|     Stars:Akshay Kumar, Bobby Deol, Kareena Kapoor, Bipasha Basu"
478,Himmatwala,-2013,1.7,"Action, Comedy, Drama",150 min,"8,896","    Director:Sajid Khan|     Stars:Ajay Devgn, Tamannaah Bhatia, Mahesh Manjrekar, Paresh Rawal"
479,Sandeep Aur Pinky Faraar,-2021,6.3,"Comedy, Crime, Drama",125 min,"8,884","    Director:Dibakar Banerjee|     Stars:Parineeti Chopra, Jaideep Ahlawat, Arjun Kapoor, Neena Gupta"
480,Mrs Undercover,-2023,6.4,"Action, Comedy",107 min,"8,875","    Director:Anushree Mehta|     Stars:Radhika Apte, Sumeet Vyas, Rajesh Sharma, Roy Angana"
481,Qarib Qarib Singlle,-2017,7.1,"Comedy, Romance",125 min,"8,875","    Director:Tanuja Chandra|     Stars:Irrfan Khan, Parvathy Thiruvothu, Neha Dhupia, Isha Sharvani"
482,Babli Bouncer,-2022,6.7,"Comedy, Drama",118 min,"8,860","    Director:Madhur Bhandarkar|     Stars:Tamannaah Bhatia, Sahil Vaid, Karan Singh Chhabra, Abhishek Bajaj"
483,Manmarziyaan,-2018,6.9,"Comedy, Drama, Romance",156 min,"8,847","    Director:Anurag Kashyap|     Stars:Taapsee Pannu, Abhishek Bachchan, Vicky Kaushal, Jasmin Bajwa"
484,Khoobsurat,-2014,6.4,"Comedy, Romance",130 min,"8,806","    Director:Shashanka Ghosh|     Stars:Sonam Kapoor, Fawad Khan, Ratna Pathak Shah, Kirron Kher"
485,Sui Dhaaga: Made in India,-2018,6.8,"Comedy, Drama",122 min,"8,803","    Director:Sharat Katariya|     Stars:Anushka Sharma, Varun Dhawan, Raghuvir Yadav, Shrikant Verma"
486,Singh Is Bliing,-2015,5,"Action, Comedy, Romance",141 min,"8,797","    Director:Prabhu Deva|     Stars:Akshay Kumar, Amy Jackson, Lara Dutta, Kay Kay Menon"
487,Awara Paagal Deewana,-2002,6.2,"Action, Comedy, Crime",158 min,"8,769","    Director:Vikram Bhatt|     Stars:Akshay Kumar, Suniel Shetty, Aftab Shivdasani, Paresh Rawal"
488,De De Pyaar De,-2019,6.5,"Comedy, Drama, Romance",135 min,"8,724","    Director:Akiv Ali|     Stars:Ajay Devgn, Tabu, Rakul Preet Singh, Jimmy Shergill"
489,Rocky Handsome,-2016,6.8,"Action, Crime, Drama",119 min,"8,717","    Director:Nishikant Kamat|     Stars:John Abraham, Nishikant Kamat, Sharad Kelkar, Teddy Maurya"
490,Rehnaa Hai Terre Dil Mein,-2001,7.6,"Comedy, Drama, Musical",160 min,"8,684","    Director:Gautham Vasudev Menon|     Stars:Madhavan, Saif Ali Khan, Dia Mirza, Vrajesh Hirjee"
491,Love Per Square Foot,-2018,7.2,"Comedy, Romance",133 min,"8,649","    Director:Anand Tiwari|     Stars:Vicky Kaushal, Angira Dhar, Alankrita Sahai, Raghuvir Yadav"
492,Shaitan,-2011,7.2,"Action, Crime, Drama",121 min,"8,641","    Director:Bejoy Nambiar|     Stars:Kalki Koechlin, Shiv Panditt, Gulshan Devaiah, Rajeev Khandelwal"
493,Hulchul,-2004,7,"Action, Comedy, Drama",149 min,"8,621","    Director:Priyadarshan|     Stars:Akshaye Khanna, Kareena Kapoor, Amrish Puri, Lakshmi"
494,MSG 2 the Messenger,-2015,7.1,"Action, Comedy, Drama",134 min,"8,529","    Director:Gurmeet Ram Rahim Singh|     Stars:Muntazir Ahmad, Charanpreet Insan, Honeypreet Insan, RooheMeet Insan"
495,Mughal-E-Azam,-1960,8.1,"Drama, Romance, War",197 min,"8,497","    Director:K. Asif|     Stars:Prithviraj Kapoor, Madhubala, Dilip Kumar, Durga Khote"
496,Mard Ko Dard Nahin Hota,-2018,7.3,"Action, Comedy, Drama",134 min,"8,490","    Director:Vasan Bala|     Stars:Abhimanyu Dasani, Radhika Madan, Mahesh Manjrekar, Gulshan Devaiah"
497,Golmaal Returns,-2008,5.2,"Comedy, Crime, Mystery",135 min,"8,477","    Director:Rohit Shetty|     Stars:Ajay Devgn, Kareena Kapoor, Arshad Warsi, Tusshar Kapoor"
498,Veer,-2010,4.6,"Action, Adventure, Drama",169 min,"8,452","    Director:Anil Sharma|     Stars:Salman Khan, Mithun Chakraborty, Jackie Shroff, Neena Gupta"
